mode: atomic
gopkg.aoctech.app/billing/api/internal/app/app.go:39.2,40.16 2 0
gopkg.aoctech.app/billing/api/internal/app/app.go:41.3,42.1 1 0
gopkg.aoctech.app/billing/api/internal/app/app.go:44.2,54.1 15 0
gopkg.aoctech.app/billing/api/internal/app/app.go:55.2,57.1 15 0
gopkg.aoctech.app/billing/api/internal/app/app.go:58.2,59.1 15 0
gopkg.aoctech.app/billing/api/internal/app/app.go:63.2,64.24 15 0
gopkg.aoctech.app/billing/api/internal/app/app.go:65.3,65.67 1 0
gopkg.aoctech.app/billing/api/internal/app/app.go:66.4,67.1 1 0
gopkg.aoctech.app/billing/api/internal/app/app.go:68.4,69.1 1 0
gopkg.aoctech.app/billing/api/internal/app/app.go:75.2,83.1 3 0
gopkg.aoctech.app/billing/api/internal/app/app.go:84.2,84.25 3 0
gopkg.aoctech.app/billing/api/internal/app/app.go:85.3,87.1 1 0
gopkg.aoctech.app/billing/api/internal/app/app.go:88.3,89.1 1 0
gopkg.aoctech.app/billing/api/internal/app/app.go:93.2,94.16 2 0
gopkg.aoctech.app/billing/api/internal/app/app.go:95.3,96.1 1 0
gopkg.aoctech.app/billing/api/internal/app/app.go:97.2,98.24 2 0
gopkg.aoctech.app/billing/api/internal/app/app.go:99.3,100.1 1 0
gopkg.aoctech.app/billing/api/internal/app/app.go:101.3,102.1 1 0
gopkg.aoctech.app/billing/api/internal/app/app.go:104.2,105.22 2 0
gopkg.aoctech.app/billing/api/internal/app/app.go:106.3,107.1 1 0
gopkg.aoctech.app/billing/api/internal/app/app.go:109.2,110.1 4 0
gopkg.aoctech.app/billing/api/internal/app/app.go:114.2,115.1 4 0
gopkg.aoctech.app/billing/api/internal/app/app.go:116.2,150.17 4 0
gopkg.aoctech.app/billing/api/internal/app/app.go:160.2,161.16 2 0
gopkg.aoctech.app/billing/api/internal/app/app.go:162.3,163.1 1 0
gopkg.aoctech.app/billing/api/internal/app/app.go:168.2,173.75 1 0
gopkg.aoctech.app/billing/api/internal/app/app.go:182.2,183.16 2 0
gopkg.aoctech.app/billing/api/internal/app/app.go:184.3,185.1 1 0
gopkg.aoctech.app/billing/api/internal/app/app.go:186.2,191.8 1 0
gopkg.aoctech.app/billing/api/internal/app/app.go:201.2,202.16 2 0
gopkg.aoctech.app/billing/api/internal/app/app.go:203.3,204.1 1 0
gopkg.aoctech.app/billing/api/internal/app/app.go:205.2,205.79 1 0
gopkg.aoctech.app/billing/api/internal/app/app.go:215.2,216.22 2 0
gopkg.aoctech.app/billing/api/internal/app/app.go:217.3,218.1 1 0
gopkg.aoctech.app/billing/api/internal/app/app.go:219.2,220.16 2 0
gopkg.aoctech.app/billing/api/internal/app/app.go:221.3,222.1 1 0
gopkg.aoctech.app/billing/api/internal/app/app.go:223.2,224.16 2 0
gopkg.aoctech.app/billing/api/internal/app/app.go:225.3,226.1 1 0
gopkg.aoctech.app/billing/api/internal/app/app.go:227.2,233.8 1 0
gopkg.aoctech.app/billing/api/internal/app/app.go:244.2,251.1 2 0
gopkg.aoctech.app/billing/api/internal/app/app.go:252.2,252.26 2 0
gopkg.aoctech.app/billing/api/internal/app/app.go:253.3,254.1 1 0
gopkg.aoctech.app/billing/api/internal/app/app.go:255.2,256.16 2 0
gopkg.aoctech.app/billing/api/internal/app/app.go:257.3,258.1 1 0
gopkg.aoctech.app/billing/api/internal/app/app.go:259.2,267.1 2 0
gopkg.aoctech.app/billing/api/internal/app/app.go:271.2,271.24 2 0
gopkg.aoctech.app/billing/api/internal/app/app.go:272.3,272.68 1 0
gopkg.aoctech.app/billing/api/internal/app/app.go:273.4,274.1 1 0
gopkg.aoctech.app/billing/api/internal/app/app.go:275.4,276.1 1 0
gopkg.aoctech.app/billing/api/internal/app/app.go:278.2,278.23 1 0
gopkg.aoctech.app/billing/api/internal/app/app.go:282.2,289.52 1 6
gopkg.aoctech.app/billing/api/internal/app/app.go:290.4,290.45 1 0
gopkg.aoctech.app/billing/api/internal/app/app.go:291.5,292.1 1 0
gopkg.aoctech.app/billing/api/internal/app/app.go:293.4,293.46 1 0
gopkg.aoctech.app/billing/api/internal/app/app.go:316.2,334.1 2 6
gopkg.aoctech.app/billing/api/internal/app/app.go:335.2,335.37 2 6
gopkg.aoctech.app/billing/api/internal/app/app.go:336.3,338.1 2 5
gopkg.aoctech.app/billing/api/internal/app/app.go:339.2,340.1 5 6
gopkg.aoctech.app/billing/api/internal/app/app.go:343.2,345.1 5 6
gopkg.aoctech.app/billing/api/internal/app/app.go:363.2,364.12 5 6
gopkg.aoctech.app/billing/api/internal/app/app.go:372.2,383.32 1 11
gopkg.aoctech.app/billing/api/internal/app/app.go:384.4,385.1 1 15
gopkg.aoctech.app/billing/api/internal/app/app.go:390.2,391.16 2 0
gopkg.aoctech.app/billing/api/internal/app/app.go:392.3,393.1 1 0
gopkg.aoctech.app/billing/api/internal/app/app.go:394.2,394.67 1 0
gopkg.aoctech.app/billing/api/internal/app/app.go:395.3,395.33 1 0
gopkg.aoctech.app/billing/api/internal/app/app.go:396.4,397.1 1 0
gopkg.aoctech.app/billing/api/internal/app/app.go:402.2,402.24 1 0
gopkg.aoctech.app/billing/api/internal/app/app.go:403.3,405.1 2 0
gopkg.aoctech.app/billing/api/internal/app/app.go:406.2,407.16 2 0
gopkg.aoctech.app/billing/api/internal/app/app.go:408.3,410.1 2 0
gopkg.aoctech.app/billing/api/internal/app/app.go:411.2,411.16 1 0
gopkg.aoctech.app/billing/api/internal/api/v1/checkout.go:78.2,79.16 2 0
gopkg.aoctech.app/billing/api/internal/api/v1/checkout.go:80.3,81.1 1 0
gopkg.aoctech.app/billing/api/internal/api/v1/checkout.go:82.2,83.16 2 0
gopkg.aoctech.app/billing/api/internal/api/v1/checkout.go:84.3,85.1 1 0
gopkg.aoctech.app/billing/api/internal/api/v1/checkout.go:86.2,86.105 1 0
gopkg.aoctech.app/billing/api/internal/api/v1/checkout.go:95.2,96.16 2 0
gopkg.aoctech.app/billing/api/internal/api/v1/checkout.go:97.3,98.1 1 0
gopkg.aoctech.app/billing/api/internal/api/v1/checkout.go:99.2,100.16 2 0
gopkg.aoctech.app/billing/api/internal/api/v1/checkout.go:101.3,102.1 1 0
gopkg.aoctech.app/billing/api/internal/api/v1/checkout.go:104.2,106.19 2 0
gopkg.aoctech.app/billing/api/internal/api/v1/checkout.go:107.3,108.1 1 0
gopkg.aoctech.app/billing/api/internal/api/v1/checkout.go:109.2,117.4 1 0
gopkg.aoctech.app/billing/api/internal/api/v1/checkout.go:143.2,144.16 2 0
gopkg.aoctech.app/billing/api/internal/api/v1/checkout.go:145.3,145.47 1 0
gopkg.aoctech.app/billing/api/internal/api/v1/checkout.go:146.4,147.1 1 0
gopkg.aoctech.app/billing/api/internal/api/v1/checkout.go:148.3,148.27 1 0
gopkg.aoctech.app/billing/api/internal/api/v1/checkout.go:150.2,150.40 1 0
gopkg.aoctech.app/billing/api/internal/api/v1/checkout.go:151.3,152.1 1 0
gopkg.aoctech.app/billing/api/internal/api/v1/checkout.go:153.2,154.16 2 0
gopkg.aoctech.app/billing/api/internal/api/v1/checkout.go:155.3,156.1 1 0
gopkg.aoctech.app/billing/api/internal/api/v1/checkout.go:157.2,158.16 2 0
gopkg.aoctech.app/billing/api/internal/api/v1/checkout.go:159.3,160.1 1 0
gopkg.aoctech.app/billing/api/internal/api/v1/checkout.go:161.2,161.50 1 0
gopkg.aoctech.app/billing/api/internal/api/v1/checkout.go:165.2,175.1 3 0
gopkg.aoctech.app/billing/api/internal/api/v1/checkout.go:176.2,176.26 3 0
gopkg.aoctech.app/billing/api/internal/api/v1/checkout.go:177.3,182.1 1 0
gopkg.aoctech.app/billing/api/internal/api/v1/checkout.go:183.2,183.12 1 0
gopkg.aoctech.app/billing/api/internal/api/v1/checkout.go:197.2,198.69 2 0
gopkg.aoctech.app/billing/api/internal/api/v1/checkout.go:199.3,200.1 1 0
gopkg.aoctech.app/billing/api/internal/api/v1/checkout.go:201.2,202.68 2 0
gopkg.aoctech.app/billing/api/internal/api/v1/checkout.go:203.3,204.1 1 0
gopkg.aoctech.app/billing/api/internal/api/v1/checkout.go:211.2,211.143 1 0
gopkg.aoctech.app/billing/api/internal/api/v1/checkout.go:212.3,212.47 1 0
gopkg.aoctech.app/billing/api/internal/api/v1/checkout.go:214.4,215.1 1 0
gopkg.aoctech.app/billing/api/internal/api/v1/checkout.go:216.3,216.22 1 0
gopkg.aoctech.app/billing/api/internal/api/v1/checkout.go:218.2,218.37 1 0
gopkg.aoctech.app/billing/api/internal/api/v1/checkout.go:224.2,224.35 1 0
gopkg.aoctech.app/billing/api/internal/api/v1/checkout.go:225.3,226.1 1 0
gopkg.aoctech.app/billing/api/internal/api/v1/checkout.go:227.2,227.21 1 0
gopkg.aoctech.app/billing/api/internal/api/v1/checkout.go:236.2,236.9 1 0
gopkg.aoctech.app/billing/api/internal/api/v1/checkout.go:238.3,238.82 1 0
gopkg.aoctech.app/billing/api/internal/api/v1/checkout.go:250.3,254.78 2 0
gopkg.aoctech.app/billing/api/internal/api/v1/checkout.go:256.3,256.95 1 0
gopkg.aoctech.app/billing/api/internal/api/v1/checkout.go:258.3,258.22 1 0
gopkg.aoctech.app/billing/api/internal/api/v1/console.go:49.2,51.44 3 0
gopkg.aoctech.app/billing/api/internal/api/v1/console.go:52.3,53.1 1 0
gopkg.aoctech.app/billing/api/internal/api/v1/console.go:54.2,55.16 2 0
gopkg.aoctech.app/billing/api/internal/api/v1/console.go:56.3,57.1 1 0
gopkg.aoctech.app/billing/api/internal/api/v1/console.go:61.2,61.94 1 0
gopkg.aoctech.app/billing/api/internal/api/v1/console.go:62.3,63.1 1 0
gopkg.aoctech.app/billing/api/internal/api/v1/console.go:64.2,66.16 1 0
gopkg.aoctech.app/billing/api/internal/api/v1/console.go:67.3,68.1 1 0
gopkg.aoctech.app/billing/api/internal/api/v1/console.go:69.2,69.45 1 0
gopkg.aoctech.app/billing/api/internal/api/v1/console.go:80.2,81.1 1 0
gopkg.aoctech.app/billing/api/internal/api/v1/console.go:86.2,97.1 2 0
gopkg.aoctech.app/billing/api/internal/api/v1/console.go:102.2,106.29 5 0
gopkg.aoctech.app/billing/api/internal/api/v1/console.go:107.3,110.1 1 0
gopkg.aoctech.app/billing/api/internal/api/v1/console.go:111.2,112.16 2 0
gopkg.aoctech.app/billing/api/internal/api/v1/console.go:113.3,114.1 1 0
gopkg.aoctech.app/billing/api/internal/api/v1/console.go:116.2,117.16 2 0
gopkg.aoctech.app/billing/api/internal/api/v1/console.go:118.3,119.1 1 0
gopkg.aoctech.app/billing/api/internal/api/v1/console.go:130.2,131.28 2 0
gopkg.aoctech.app/billing/api/internal/api/v1/console.go:132.3,133.45 2 0
gopkg.aoctech.app/billing/api/internal/api/v1/console.go:134.4,134.12 1 0
gopkg.aoctech.app/billing/api/internal/api/v1/console.go:136.3,137.17 2 0
gopkg.aoctech.app/billing/api/internal/api/v1/console.go:138.4,139.12 2 0
gopkg.aoctech.app/billing/api/internal/api/v1/console.go:141.3,141.28 1 0
gopkg.aoctech.app/billing/api/internal/api/v1/console.go:144.2,145.28 2 0
gopkg.aoctech.app/billing/api/internal/api/v1/console.go:146.3,150.1 1 0
gopkg.aoctech.app/billing/api/internal/api/v1/console.go:151.2,151.51 1 0
gopkg.aoctech.app/billing/api/internal/api/v1/console.go:157.2,159.16 3 0
gopkg.aoctech.app/billing/api/internal/api/v1/console.go:160.3,161.1 1 0
gopkg.aoctech.app/billing/api/internal/api/v1/console.go:162.2,162.32 1 0
gopkg.aoctech.app/billing/api/internal/api/v1/console.go:176.2,178.16 3 0
gopkg.aoctech.app/billing/api/internal/api/v1/console.go:179.3,180.1 1 0
gopkg.aoctech.app/billing/api/internal/api/v1/console.go:181.2,181.40 1 0
gopkg.aoctech.app/billing/api/internal/api/v1/console.go:182.3,183.1 1 0
gopkg.aoctech.app/billing/api/internal/api/v1/console.go:184.2,186.16 1 0
gopkg.aoctech.app/billing/api/internal/api/v1/console.go:187.3,188.1 1 0
gopkg.aoctech.app/billing/api/internal/api/v1/console.go:189.2,189.32 1 0
gopkg.aoctech.app/billing/api/internal/api/v1/console.go:203.2,205.16 3 0
gopkg.aoctech.app/billing/api/internal/api/v1/console.go:206.3,207.1 1 0
gopkg.aoctech.app/billing/api/internal/api/v1/console.go:208.2,208.39 1 0
gopkg.aoctech.app/billing/api/internal/api/v1/console.go:209.3,210.1 1 0
gopkg.aoctech.app/billing/api/internal/api/v1/console.go:211.2,214.16 1 0
gopkg.aoctech.app/billing/api/internal/api/v1/console.go:215.3,216.1 1 0
gopkg.aoctech.app/billing/api/internal/api/v1/console.go:217.2,217.32 1 0
gopkg.aoctech.app/billing/api/internal/api/v1/console.go:230.2,232.44 3 0
gopkg.aoctech.app/billing/api/internal/api/v1/console.go:233.3,234.1 1 0
gopkg.aoctech.app/billing/api/internal/api/v1/console.go:235.2,235.22 1 0
gopkg.aoctech.app/billing/api/internal/api/v1/console.go:239.3,240.1 1 0
gopkg.aoctech.app/billing/api/internal/api/v1/console.go:241.2,242.16 2 0
gopkg.aoctech.app/billing/api/internal/api/v1/console.go:243.3,244.1 1 0
gopkg.aoctech.app/billing/api/internal/api/v1/console.go:246.2,254.1 2 0
gopkg.aoctech.app/billing/api/internal/api/v1/console.go:255.2,257.16 2 0
gopkg.aoctech.app/billing/api/internal/api/v1/console.go:258.3,259.1 1 0
gopkg.aoctech.app/billing/api/internal/api/v1/console.go:260.2,260.70 1 0
gopkg.aoctech.app/billing/api/internal/api/v1/console.go:270.2,272.16 3 0
gopkg.aoctech.app/billing/api/internal/api/v1/console.go:273.3,274.1 1 0
gopkg.aoctech.app/billing/api/internal/api/v1/console.go:275.2,276.16 2 0
gopkg.aoctech.app/billing/api/internal/api/v1/console.go:277.3,278.1 1 0
gopkg.aoctech.app/billing/api/internal/api/v1/console.go:279.2,280.16 2 0
gopkg.aoctech.app/billing/api/internal/api/v1/console.go:281.3,282.1 1 0
gopkg.aoctech.app/billing/api/internal/api/v1/console.go:285.2,286.109 2 0
gopkg.aoctech.app/billing/api/internal/api/v1/console.go:287.3,288.1 1 0
gopkg.aoctech.app/billing/api/internal/api/v1/console.go:289.2,289.93 1 0
gopkg.aoctech.app/billing/api/internal/api/v1/console.go:294.2,295.1 1 0
gopkg.aoctech.app/billing/api/internal/api/v1/console.go:299.2,301.44 3 0
gopkg.aoctech.app/billing/api/internal/api/v1/console.go:302.3,303.1 1 0
gopkg.aoctech.app/billing/api/internal/api/v1/console.go:304.2,304.20 1 0
gopkg.aoctech.app/billing/api/internal/api/v1/console.go:305.3,308.1 1 0
gopkg.aoctech.app/billing/api/internal/api/v1/console.go:310.2,321.1 2 0
gopkg.aoctech.app/billing/api/internal/api/v1/console.go:322.2,324.16 2 0
gopkg.aoctech.app/billing/api/internal/api/v1/console.go:325.3,326.1 1 0
gopkg.aoctech.app/billing/api/internal/api/v1/console.go:327.2,327.77 1 0
gopkg.aoctech.app/billing/api/internal/api/v1/console.go:338.2,340.44 3 0
gopkg.aoctech.app/billing/api/internal/api/v1/console.go:341.3,342.1 1 0
gopkg.aoctech.app/billing/api/internal/api/v1/console.go:345.2,346.16 2 0
gopkg.aoctech.app/billing/api/internal/api/v1/console.go:347.3,348.1 1 0
gopkg.aoctech.app/billing/api/internal/api/v1/console.go:350.2,361.1 2 0
gopkg.aoctech.app/billing/api/internal/api/v1/console.go:366.2,366.34 2 0
gopkg.aoctech.app/billing/api/internal/api/v1/console.go:367.3,370.1 1 0
gopkg.aoctech.app/billing/api/internal/api/v1/console.go:371.2,373.16 1 0
gopkg.aoctech.app/billing/api/internal/api/v1/console.go:374.3,375.1 1 0
gopkg.aoctech.app/billing/api/internal/api/v1/console.go:376.2,376.68 1 0
gopkg.aoctech.app/billing/api/internal/api/v1/console.go:387.2,389.16 3 0
gopkg.aoctech.app/billing/api/internal/api/v1/console.go:390.3,391.1 1 0
gopkg.aoctech.app/billing/api/internal/api/v1/console.go:392.2,392.20 1 0
gopkg.aoctech.app/billing/api/internal/api/v1/console.go:393.3,394.1 1 0
gopkg.aoctech.app/billing/api/internal/api/v1/console.go:395.2,397.16 1 0
gopkg.aoctech.app/billing/api/internal/api/v1/console.go:398.3,399.1 1 0
gopkg.aoctech.app/billing/api/internal/api/v1/console.go:400.2,400.40 1 0
gopkg.aoctech.app/billing/api/internal/api/v1/console.go:405.2,407.16 3 0
gopkg.aoctech.app/billing/api/internal/api/v1/console.go:408.3,409.1 1 0
gopkg.aoctech.app/billing/api/internal/api/v1/console.go:410.2,411.16 2 0
gopkg.aoctech.app/billing/api/internal/api/v1/console.go:412.3,413.1 1 0
gopkg.aoctech.app/billing/api/internal/api/v1/console.go:414.2,415.28 2 0
gopkg.aoctech.app/billing/api/internal/api/v1/console.go:416.3,417.1 1 0
gopkg.aoctech.app/billing/api/internal/api/v1/console.go:418.2,418.51 1 0
gopkg.aoctech.app/billing/api/internal/api/v1/console.go:423.2,425.16 3 0
gopkg.aoctech.app/billing/api/internal/api/v1/console.go:426.3,427.1 1 0
gopkg.aoctech.app/billing/api/internal/api/v1/console.go:428.2,429.16 2 0
gopkg.aoctech.app/billing/api/internal/api/v1/console.go:430.3,431.1 1 0
gopkg.aoctech.app/billing/api/internal/api/v1/console.go:432.2,433.16 2 0
gopkg.aoctech.app/billing/api/internal/api/v1/console.go:434.3,435.1 1 0
gopkg.aoctech.app/billing/api/internal/api/v1/console.go:436.2,439.1 2 0
gopkg.aoctech.app/billing/api/internal/api/v1/console.go:440.2,440.27 2 0
gopkg.aoctech.app/billing/api/internal/api/v1/console.go:441.3,442.1 3 0
gopkg.aoctech.app/billing/api/internal/api/v1/console.go:446.3,447.17 3 0
gopkg.aoctech.app/billing/api/internal/api/v1/console.go:448.4,449.1 1 0
gopkg.aoctech.app/billing/api/internal/api/v1/console.go:450.3,451.38 2 0
gopkg.aoctech.app/billing/api/internal/api/v1/console.go:453.2,453.20 1 0
gopkg.aoctech.app/billing/api/internal/api/v1/console.go:458.2,460.16 3 0
gopkg.aoctech.app/billing/api/internal/api/v1/console.go:461.3,462.1 1 0
gopkg.aoctech.app/billing/api/internal/api/v1/console.go:463.2,464.16 2 0
gopkg.aoctech.app/billing/api/internal/api/v1/console.go:465.3,466.1 1 0
gopkg.aoctech.app/billing/api/internal/api/v1/console.go:467.2,468.28 2 0
gopkg.aoctech.app/billing/api/internal/api/v1/console.go:469.3,470.1 1 0
gopkg.aoctech.app/billing/api/internal/api/v1/console.go:471.2,471.51 1 0
gopkg.aoctech.app/billing/api/internal/api/v1/console.go:478.2,480.16 3 0
gopkg.aoctech.app/billing/api/internal/api/v1/console.go:481.3,482.1 1 0
gopkg.aoctech.app/billing/api/internal/api/v1/console.go:483.2,484.16 2 0
gopkg.aoctech.app/billing/api/internal/api/v1/console.go:485.3,486.1 1 0
gopkg.aoctech.app/billing/api/internal/api/v1/console.go:487.2,488.16 2 0
gopkg.aoctech.app/billing/api/internal/api/v1/console.go:489.3,490.1 1 0
gopkg.aoctech.app/billing/api/internal/api/v1/console.go:491.2,494.1 2 0
gopkg.aoctech.app/billing/api/internal/api/v1/console.go:495.2,495.22 2 0
gopkg.aoctech.app/billing/api/internal/api/v1/console.go:496.3,497.1 1 0
gopkg.aoctech.app/billing/api/internal/api/v1/console.go:498.2,498.20 1 0
gopkg.aoctech.app/billing/api/internal/api/v1/console.go:505.2,507.16 3 0
gopkg.aoctech.app/billing/api/internal/api/v1/console.go:508.3,509.1 1 0
gopkg.aoctech.app/billing/api/internal/api/v1/console.go:510.2,511.28 2 0
gopkg.aoctech.app/billing/api/internal/api/v1/console.go:512.3,522.1 1 0
gopkg.aoctech.app/billing/api/internal/api/v1/console.go:523.2,523.17 1 0
gopkg.aoctech.app/billing/api/internal/api/v1/console_dto.go:24.2,26.1 2 0
gopkg.aoctech.app/billing/api/internal/api/v1/console_dto.go:118.2,128.1 1 0
gopkg.aoctech.app/billing/api/internal/api/v1/console_dto.go:140.2,144.1 2 0
gopkg.aoctech.app/billing/api/internal/api/v1/console_dto.go:145.2,145.23 2 0
gopkg.aoctech.app/billing/api/internal/api/v1/console_dto.go:146.3,148.1 2 0
gopkg.aoctech.app/billing/api/internal/api/v1/console_dto.go:149.2,150.12 2 0
gopkg.aoctech.app/billing/api/internal/api/v1/console_dto.go:185.2,195.1 1 0
gopkg.aoctech.app/billing/api/internal/api/v1/console_dto.go:242.2,250.1 2 0
gopkg.aoctech.app/billing/api/internal/api/v1/console_dto.go:251.2,251.24 2 0
gopkg.aoctech.app/billing/api/internal/api/v1/console_dto.go:252.3,253.1 1 0
gopkg.aoctech.app/billing/api/internal/api/v1/console_dto.go:254.2,254.12 1 0
gopkg.aoctech.app/billing/api/internal/api/v1/console_overview.go:52.2,56.29 5 0
gopkg.aoctech.app/billing/api/internal/api/v1/console_overview.go:57.3,58.1 1 0
gopkg.aoctech.app/billing/api/internal/api/v1/console_overview.go:60.2,61.16 2 0
gopkg.aoctech.app/billing/api/internal/api/v1/console_overview.go:62.3,63.1 1 0
gopkg.aoctech.app/billing/api/internal/api/v1/console_overview.go:65.2,70.1 2 0
gopkg.aoctech.app/billing/api/internal/api/v1/console_overview.go:71.2,71.28 2 0
gopkg.aoctech.app/billing/api/internal/api/v1/console_overview.go:72.3,73.21 2 0
gopkg.aoctech.app/billing/api/internal/api/v1/console_overview.go:75.4,75.34 1 0
gopkg.aoctech.app/billing/api/internal/api/v1/console_overview.go:77.4,77.16 1 0
gopkg.aoctech.app/billing/api/internal/api/v1/console_overview.go:79.4,79.23 1 0
gopkg.aoctech.app/billing/api/internal/api/v1/console_overview.go:81.4,81.28 1 0
gopkg.aoctech.app/billing/api/internal/api/v1/console_overview.go:82.5,84.1 2 0
gopkg.aoctech.app/billing/api/internal/api/v1/console_overview.go:85.5,86.1 1 0
gopkg.aoctech.app/billing/api/internal/api/v1/console_overview.go:89.2,89.20 1 0
gopkg.aoctech.app/billing/api/internal/api/v1/console_settings.go:65.2,66.13 2 0
gopkg.aoctech.app/billing/api/internal/api/v1/console_settings.go:67.3,68.1 1 0
gopkg.aoctech.app/billing/api/internal/api/v1/console_settings.go:69.2,70.25 2 0
gopkg.aoctech.app/billing/api/internal/api/v1/console_settings.go:71.3,72.1 1 0
gopkg.aoctech.app/billing/api/internal/api/v1/console_settings.go:73.2,73.12 1 0
gopkg.aoctech.app/billing/api/internal/api/v1/console_settings.go:77.2,77.25 1 0
gopkg.aoctech.app/billing/api/internal/api/v1/console_settings.go:78.3,79.1 1 0
gopkg.aoctech.app/billing/api/internal/api/v1/console_settings.go:80.2,81.33 2 0
gopkg.aoctech.app/billing/api/internal/api/v1/console_settings.go:82.3,83.1 1 0
gopkg.aoctech.app/billing/api/internal/api/v1/console_settings.go:84.2,84.12 1 0
gopkg.aoctech.app/billing/api/internal/api/v1/console_settings.go:99.2,100.16 2 0
gopkg.aoctech.app/billing/api/internal/api/v1/console_settings.go:101.3,102.1 1 0
gopkg.aoctech.app/billing/api/internal/api/v1/console_settings.go:103.2,116.4 1 0
gopkg.aoctech.app/billing/api/internal/api/v1/console_settings.go:126.2,128.44 3 0
gopkg.aoctech.app/billing/api/internal/api/v1/console_settings.go:129.3,130.1 1 0
gopkg.aoctech.app/billing/api/internal/api/v1/console_settings.go:131.2,133.16 1 0
gopkg.aoctech.app/billing/api/internal/api/v1/console_settings.go:134.3,135.1 1 0
gopkg.aoctech.app/billing/api/internal/api/v1/console_settings.go:136.2,136.60 1 0
gopkg.aoctech.app/billing/api/internal/api/v1/console_settings.go:141.2,143.44 3 0
gopkg.aoctech.app/billing/api/internal/api/v1/console_settings.go:144.3,145.1 1 0
gopkg.aoctech.app/billing/api/internal/api/v1/console_settings.go:146.2,147.16 2 0
gopkg.aoctech.app/billing/api/internal/api/v1/console_settings.go:148.3,149.1 1 0
gopkg.aoctech.app/billing/api/internal/api/v1/console_settings.go:150.2,152.16 1 0
gopkg.aoctech.app/billing/api/internal/api/v1/console_settings.go:153.3,154.1 1 0
gopkg.aoctech.app/billing/api/internal/api/v1/console_settings.go:155.2,155.64 1 0
gopkg.aoctech.app/billing/api/internal/api/v1/console_settings.go:170.2,172.16 3 0
gopkg.aoctech.app/billing/api/internal/api/v1/console_settings.go:173.3,174.1 1 0
gopkg.aoctech.app/billing/api/internal/api/v1/console_settings.go:175.2,175.26 1 0
gopkg.aoctech.app/billing/api/internal/api/v1/console_settings.go:176.3,177.1 1 0
gopkg.aoctech.app/billing/api/internal/api/v1/console_settings.go:181.2,183.16 1 0
gopkg.aoctech.app/billing/api/internal/api/v1/console_settings.go:184.3,185.1 1 0
gopkg.aoctech.app/billing/api/internal/api/v1/console_settings.go:186.2,186.52 1 0
gopkg.aoctech.app/billing/api/internal/api/v1/documents.go:34.2,36.16 3 0
gopkg.aoctech.app/billing/api/internal/api/v1/documents.go:37.3,38.1 1 0
gopkg.aoctech.app/billing/api/internal/api/v1/documents.go:39.2,39.32 1 0
gopkg.aoctech.app/billing/api/internal/api/v1/documents.go:47.2,48.16 2 0
gopkg.aoctech.app/billing/api/internal/api/v1/documents.go:49.3,50.1 1 0
gopkg.aoctech.app/billing/api/internal/api/v1/documents.go:51.2,51.32 1 0
gopkg.aoctech.app/billing/api/internal/api/v1/documents.go:55.2,56.16 2 0
gopkg.aoctech.app/billing/api/internal/api/v1/documents.go:57.3,58.1 1 0
gopkg.aoctech.app/billing/api/internal/api/v1/documents.go:59.2,59.81 1 0
gopkg.aoctech.app/billing/api/internal/api/v1/documents.go:70.2,72.44 3 0
gopkg.aoctech.app/billing/api/internal/api/v1/documents.go:73.3,74.1 1 0
gopkg.aoctech.app/billing/api/internal/api/v1/documents.go:75.2,76.74 1 0
gopkg.aoctech.app/billing/api/internal/api/v1/documents.go:77.3,78.1 1 0
gopkg.aoctech.app/billing/api/internal/api/v1/documents.go:79.2,83.16 1 0
gopkg.aoctech.app/billing/api/internal/api/v1/documents.go:84.3,85.1 1 0
gopkg.aoctech.app/billing/api/internal/api/v1/documents.go:86.2,86.39 1 0
gopkg.aoctech.app/billing/api/internal/api/v1/documents.go:112.2,117.1 1 0
gopkg.aoctech.app/billing/api/internal/api/v1/dto.go:106.2,115.1 1 0
gopkg.aoctech.app/billing/api/internal/api/v1/dto.go:133.2,145.1 1 0
gopkg.aoctech.app/billing/api/internal/api/v1/dto.go:202.2,220.1 2 10
gopkg.aoctech.app/billing/api/internal/api/v1/dto.go:221.2,221.35 2 10
gopkg.aoctech.app/billing/api/internal/api/v1/dto.go:225.3,226.1 1 4
gopkg.aoctech.app/billing/api/internal/api/v1/dto.go:227.2,227.26 1 10
gopkg.aoctech.app/billing/api/internal/api/v1/dto.go:228.3,236.1 1 0
gopkg.aoctech.app/billing/api/internal/api/v1/dto.go:237.2,237.12 1 10
gopkg.aoctech.app/billing/api/internal/api/v1/handlers.go:60.41,60.59 1 0
gopkg.aoctech.app/billing/api/internal/api/v1/handlers.go:61.41,61.75 1 0
gopkg.aoctech.app/billing/api/internal/api/v1/handlers.go:78.2,79.14 2 3
gopkg.aoctech.app/billing/api/internal/api/v1/handlers.go:80.3,81.1 1 0
gopkg.aoctech.app/billing/api/internal/api/v1/handlers.go:82.2,82.33 1 3
gopkg.aoctech.app/billing/api/internal/api/v1/handlers.go:86.2,87.1 1 0
gopkg.aoctech.app/billing/api/internal/api/v1/handlers.go:95.2,97.44 3 0
gopkg.aoctech.app/billing/api/internal/api/v1/handlers.go:98.3,99.1 1 0
gopkg.aoctech.app/billing/api/internal/api/v1/handlers.go:100.2,100.20 1 0
gopkg.aoctech.app/billing/api/internal/api/v1/handlers.go:101.3,102.1 1 0
gopkg.aoctech.app/billing/api/internal/api/v1/handlers.go:104.2,114.1 2 0
gopkg.aoctech.app/billing/api/internal/api/v1/handlers.go:115.2,117.16 2 0
gopkg.aoctech.app/billing/api/internal/api/v1/handlers.go:118.3,119.1 1 0
gopkg.aoctech.app/billing/api/internal/api/v1/handlers.go:120.2,120.74 1 0
gopkg.aoctech.app/billing/api/internal/api/v1/handlers.go:124.2,126.16 3 0
gopkg.aoctech.app/billing/api/internal/api/v1/handlers.go:127.3,128.1 1 0
gopkg.aoctech.app/billing/api/internal/api/v1/handlers.go:129.2,129.46 1 0
gopkg.aoctech.app/billing/api/internal/api/v1/handlers.go:133.2,135.44 3 0
gopkg.aoctech.app/billing/api/internal/api/v1/handlers.go:136.3,137.1 1 0
gopkg.aoctech.app/billing/api/internal/api/v1/handlers.go:138.2,139.26 2 0
gopkg.aoctech.app/billing/api/internal/api/v1/handlers.go:140.3,141.1 1 0
gopkg.aoctech.app/billing/api/internal/api/v1/handlers.go:142.2,142.25 1 0
gopkg.aoctech.app/billing/api/internal/api/v1/handlers.go:143.3,144.1 1 0
gopkg.aoctech.app/billing/api/internal/api/v1/handlers.go:145.2,145.31 1 0
gopkg.aoctech.app/billing/api/internal/api/v1/handlers.go:146.3,146.23 1 0
gopkg.aoctech.app/billing/api/internal/api/v1/handlers.go:147.4,152.1 1 0
gopkg.aoctech.app/billing/api/internal/api/v1/handlers.go:154.2,154.24 1 0
gopkg.aoctech.app/billing/api/internal/api/v1/handlers.go:155.3,156.1 1 0
gopkg.aoctech.app/billing/api/internal/api/v1/handlers.go:158.2,159.22 2 0
gopkg.aoctech.app/billing/api/internal/api/v1/handlers.go:160.3,161.17 2 0
gopkg.aoctech.app/billing/api/internal/api/v1/handlers.go:162.4,165.1 1 0
gopkg.aoctech.app/billing/api/internal/api/v1/handlers.go:166.3,166.18 1 0
gopkg.aoctech.app/billing/api/internal/api/v1/handlers.go:172.2,172.102 1 0
gopkg.aoctech.app/billing/api/internal/api/v1/handlers.go:173.3,173.47 1 0
gopkg.aoctech.app/billing/api/internal/api/v1/handlers.go:174.4,177.1 1 0
gopkg.aoctech.app/billing/api/internal/api/v1/handlers.go:178.3,178.22 1 0
gopkg.aoctech.app/billing/api/internal/api/v1/handlers.go:181.2,182.31 2 0
gopkg.aoctech.app/billing/api/internal/api/v1/handlers.go:183.3,184.1 1 0
gopkg.aoctech.app/billing/api/internal/api/v1/handlers.go:186.2,196.16 2 0
gopkg.aoctech.app/billing/api/internal/api/v1/handlers.go:197.3,198.1 1 0
gopkg.aoctech.app/billing/api/internal/api/v1/handlers.go:204.2,205.16 2 0
gopkg.aoctech.app/billing/api/internal/api/v1/handlers.go:206.3,207.1 1 0
gopkg.aoctech.app/billing/api/internal/api/v1/handlers.go:208.2,208.49 1 0
gopkg.aoctech.app/billing/api/internal/api/v1/handlers.go:212.2,214.16 3 0
gopkg.aoctech.app/billing/api/internal/api/v1/handlers.go:215.3,216.1 1 0
gopkg.aoctech.app/billing/api/internal/api/v1/handlers.go:217.2,217.45 1 0
gopkg.aoctech.app/billing/api/internal/api/v1/handlers.go:221.2,223.44 3 0
gopkg.aoctech.app/billing/api/internal/api/v1/handlers.go:224.3,225.1 1 0
gopkg.aoctech.app/billing/api/internal/api/v1/handlers.go:226.2,227.16 2 0
gopkg.aoctech.app/billing/api/internal/api/v1/handlers.go:228.3,229.1 1 0
gopkg.aoctech.app/billing/api/internal/api/v1/handlers.go:234.2,234.149 1 0
gopkg.aoctech.app/billing/api/internal/api/v1/handlers.go:235.3,236.1 1 0
gopkg.aoctech.app/billing/api/internal/api/v1/handlers.go:237.2,237.45 1 0
gopkg.aoctech.app/billing/api/internal/api/v1/handlers.go:242.2,243.1 1 0
gopkg.aoctech.app/billing/api/internal/api/v1/handlers.go:254.2,256.44 3 0
gopkg.aoctech.app/billing/api/internal/api/v1/handlers.go:257.3,258.1 1 0
gopkg.aoctech.app/billing/api/internal/api/v1/handlers.go:260.2,261.25 2 0
gopkg.aoctech.app/billing/api/internal/api/v1/handlers.go:262.3,263.1 1 0
gopkg.aoctech.app/billing/api/internal/api/v1/handlers.go:264.2,264.31 1 0
gopkg.aoctech.app/billing/api/internal/api/v1/handlers.go:265.3,265.23 1 0
gopkg.aoctech.app/billing/api/internal/api/v1/handlers.go:266.4,271.1 1 0
gopkg.aoctech.app/billing/api/internal/api/v1/handlers.go:273.2,273.58 1 0
gopkg.aoctech.app/billing/api/internal/api/v1/handlers.go:274.3,277.1 1 0
gopkg.aoctech.app/billing/api/internal/api/v1/handlers.go:278.2,278.24 1 0
gopkg.aoctech.app/billing/api/internal/api/v1/handlers.go:279.3,280.1 1 0
gopkg.aoctech.app/billing/api/internal/api/v1/handlers.go:282.2,283.16 2 0
gopkg.aoctech.app/billing/api/internal/api/v1/handlers.go:284.3,285.1 1 0
gopkg.aoctech.app/billing/api/internal/api/v1/handlers.go:287.2,288.31 2 0
gopkg.aoctech.app/billing/api/internal/api/v1/handlers.go:289.3,290.1 1 0
gopkg.aoctech.app/billing/api/internal/api/v1/handlers.go:292.2,302.16 2 0
gopkg.aoctech.app/billing/api/internal/api/v1/handlers.go:303.3,304.1 1 0
gopkg.aoctech.app/billing/api/internal/api/v1/handlers.go:310.2,311.16 2 0
gopkg.aoctech.app/billing/api/internal/api/v1/handlers.go:312.3,313.1 1 0
gopkg.aoctech.app/billing/api/internal/api/v1/handlers.go:314.2,314.21 1 0
gopkg.aoctech.app/billing/api/internal/api/v1/handlers.go:318.2,320.44 3 0
gopkg.aoctech.app/billing/api/internal/api/v1/handlers.go:321.3,322.1 1 0
gopkg.aoctech.app/billing/api/internal/api/v1/handlers.go:323.2,323.30 1 0
gopkg.aoctech.app/billing/api/internal/api/v1/handlers.go:324.3,327.1 1 0
gopkg.aoctech.app/billing/api/internal/api/v1/handlers.go:329.2,330.16 2 0
gopkg.aoctech.app/billing/api/internal/api/v1/handlers.go:331.3,332.1 1 0
gopkg.aoctech.app/billing/api/internal/api/v1/handlers.go:333.2,334.16 2 0
gopkg.aoctech.app/billing/api/internal/api/v1/handlers.go:335.3,336.1 1 0
gopkg.aoctech.app/billing/api/internal/api/v1/handlers.go:337.2,337.21 1 0
gopkg.aoctech.app/billing/api/internal/api/v1/handlers.go:338.3,339.1 1 0
gopkg.aoctech.app/billing/api/internal/api/v1/handlers.go:340.2,341.16 2 0
gopkg.aoctech.app/billing/api/internal/api/v1/handlers.go:342.3,345.1 1 0
gopkg.aoctech.app/billing/api/internal/api/v1/handlers.go:347.2,348.26 2 0
gopkg.aoctech.app/billing/api/internal/api/v1/handlers.go:349.3,350.17 2 0
gopkg.aoctech.app/billing/api/internal/api/v1/handlers.go:351.4,354.1 1 0
gopkg.aoctech.app/billing/api/internal/api/v1/handlers.go:355.3,355.20 1 0
gopkg.aoctech.app/billing/api/internal/api/v1/handlers.go:358.2,366.1 3 0
gopkg.aoctech.app/billing/api/internal/api/v1/handlers.go:370.2,371.1 3 0
gopkg.aoctech.app/billing/api/internal/api/v1/handlers.go:372.2,372.83 3 0
gopkg.aoctech.app/billing/api/internal/api/v1/handlers.go:373.3,373.53 1 0
gopkg.aoctech.app/billing/api/internal/api/v1/handlers.go:377.4,378.1 1 0
gopkg.aoctech.app/billing/api/internal/api/v1/handlers.go:379.3,379.22 1 0
gopkg.aoctech.app/billing/api/internal/api/v1/handlers.go:381.2,381.92 1 0
gopkg.aoctech.app/billing/api/internal/api/v1/handlers.go:392.2,392.19 1 0
gopkg.aoctech.app/billing/api/internal/api/v1/handlers.go:393.3,393.22 1 0
gopkg.aoctech.app/billing/api/internal/api/v1/handlers.go:394.4,395.1 1 0
gopkg.aoctech.app/billing/api/internal/api/v1/handlers.go:396.3,397.106 1 0
gopkg.aoctech.app/billing/api/internal/api/v1/handlers.go:399.2,399.27 1 0
gopkg.aoctech.app/billing/api/internal/api/v1/handlers.go:400.3,400.28 1 0
gopkg.aoctech.app/billing/api/internal/api/v1/handlers.go:401.4,402.1 1 0
gopkg.aoctech.app/billing/api/internal/api/v1/handlers.go:404.2,404.103 1 0
gopkg.aoctech.app/billing/api/internal/api/v1/handlers.go:415.2,416.25 2 0
gopkg.aoctech.app/billing/api/internal/api/v1/handlers.go:417.3,418.1 1 0
gopkg.aoctech.app/billing/api/internal/api/v1/handlers.go:419.2,419.42 1 0
gopkg.aoctech.app/billing/api/internal/api/v1/handlers.go:420.3,420.79 1 0
gopkg.aoctech.app/billing/api/internal/api/v1/handlers.go:421.4,421.13 1 0
gopkg.aoctech.app/billing/api/internal/api/v1/handlers.go:422.5,422.13 1 0
gopkg.aoctech.app/billing/api/internal/api/v1/handlers.go:424.4,424.66 1 0
gopkg.aoctech.app/billing/api/internal/api/v1/handlers.go:425.5,426.1 1 0
gopkg.aoctech.app/billing/api/internal/api/v1/handlers.go:429.2,429.16 1 0
gopkg.aoctech.app/billing/api/internal/api/v1/handlers.go:433.2,435.16 3 0
gopkg.aoctech.app/billing/api/internal/api/v1/handlers.go:436.3,437.1 1 0
gopkg.aoctech.app/billing/api/internal/api/v1/handlers.go:438.2,439.16 2 0
gopkg.aoctech.app/billing/api/internal/api/v1/handlers.go:440.3,441.1 1 0
gopkg.aoctech.app/billing/api/internal/api/v1/handlers.go:442.2,442.67 1 0
gopkg.aoctech.app/billing/api/internal/api/v1/handlers.go:446.2,450.29 5 0
gopkg.aoctech.app/billing/api/internal/api/v1/handlers.go:451.3,454.1 1 0
gopkg.aoctech.app/billing/api/internal/api/v1/handlers.go:456.2,457.16 2 0
gopkg.aoctech.app/billing/api/internal/api/v1/handlers.go:458.3,459.1 1 0
gopkg.aoctech.app/billing/api/internal/api/v1/handlers.go:460.2,461.28 2 0
gopkg.aoctech.app/billing/api/internal/api/v1/handlers.go:462.3,463.1 1 0
gopkg.aoctech.app/billing/api/internal/api/v1/handlers.go:464.2,464.96 1 0
gopkg.aoctech.app/billing/api/internal/api/v1/handlers.go:483.2,485.16 3 0
gopkg.aoctech.app/billing/api/internal/api/v1/handlers.go:486.3,487.1 1 0
gopkg.aoctech.app/billing/api/internal/api/v1/handlers.go:488.2,489.26 2 0
gopkg.aoctech.app/billing/api/internal/api/v1/handlers.go:490.3,491.1 1 0
gopkg.aoctech.app/billing/api/internal/api/v1/handlers.go:492.2,492.57 1 0
gopkg.aoctech.app/billing/api/internal/api/v1/handlers.go:502.2,504.16 3 0
gopkg.aoctech.app/billing/api/internal/api/v1/handlers.go:505.3,506.1 1 0
gopkg.aoctech.app/billing/api/internal/api/v1/handlers.go:507.2,508.16 2 0
gopkg.aoctech.app/billing/api/internal/api/v1/handlers.go:509.3,510.1 1 0
gopkg.aoctech.app/billing/api/internal/api/v1/handlers.go:511.2,512.27 2 0
gopkg.aoctech.app/billing/api/internal/api/v1/handlers.go:513.3,513.32 1 0
gopkg.aoctech.app/billing/api/internal/api/v1/handlers.go:514.4,515.1 1 0
gopkg.aoctech.app/billing/api/internal/api/v1/handlers.go:517.2,517.50 1 0
gopkg.aoctech.app/billing/api/internal/api/v1/handlers.go:521.2,522.1 3 0
gopkg.aoctech.app/billing/api/internal/api/v1/handlers.go:523.2,524.47 3 0
gopkg.aoctech.app/billing/api/internal/api/v1/handlers.go:525.3,526.17 2 0
gopkg.aoctech.app/billing/api/internal/api/v1/handlers.go:527.4,528.1 1 0
gopkg.aoctech.app/billing/api/internal/api/v1/handlers.go:529.3,529.27 1 0
gopkg.aoctech.app/billing/api/internal/api/v1/handlers.go:531.2,531.22 1 0
gopkg.aoctech.app/billing/api/internal/api/v1/handlers.go:532.3,533.1 1 0
gopkg.aoctech.app/billing/api/internal/api/v1/handlers.go:535.2,536.16 2 0
gopkg.aoctech.app/billing/api/internal/api/v1/handlers.go:537.3,538.1 1 0
gopkg.aoctech.app/billing/api/internal/api/v1/handlers.go:540.2,541.22 2 0
gopkg.aoctech.app/billing/api/internal/api/v1/handlers.go:542.3,545.1 5 0
gopkg.aoctech.app/billing/api/internal/api/v1/handlers.go:546.3,552.1 5 0
gopkg.aoctech.app/billing/api/internal/api/v1/handlers.go:553.3,553.61 5 0
gopkg.aoctech.app/billing/api/internal/api/v1/handlers.go:554.4,555.1 1 0
gopkg.aoctech.app/billing/api/internal/api/v1/handlers.go:556.3,556.55 1 0
gopkg.aoctech.app/billing/api/internal/api/v1/handlers.go:558.2,558.21 1 0
gopkg.aoctech.app/billing/api/internal/api/v1/handlers.go:575.2,576.1 3 0
gopkg.aoctech.app/billing/api/internal/api/v1/handlers.go:577.2,578.16 3 0
gopkg.aoctech.app/billing/api/internal/api/v1/handlers.go:579.3,580.1 1 0
gopkg.aoctech.app/billing/api/internal/api/v1/handlers.go:581.2,581.27 1 0
gopkg.aoctech.app/billing/api/internal/api/v1/handlers.go:582.3,583.17 2 0
gopkg.aoctech.app/billing/api/internal/api/v1/handlers.go:584.4,585.1 1 0
gopkg.aoctech.app/billing/api/internal/api/v1/handlers.go:586.3,598.1 2 0
gopkg.aoctech.app/billing/api/internal/api/v1/handlers.go:601.3,601.21 2 0
gopkg.aoctech.app/billing/api/internal/api/v1/handlers.go:602.4,603.1 1 0
gopkg.aoctech.app/billing/api/internal/api/v1/handlers.go:604.3,604.24 1 0
gopkg.aoctech.app/billing/api/internal/api/v1/handlers.go:605.4,606.1 1 0
gopkg.aoctech.app/billing/api/internal/api/v1/handlers.go:612.2,613.16 2 0
gopkg.aoctech.app/billing/api/internal/api/v1/handlers.go:614.3,615.1 1 0
gopkg.aoctech.app/billing/api/internal/api/v1/handlers.go:616.2,616.26 1 0
gopkg.aoctech.app/billing/api/internal/api/v1/handlers.go:617.3,617.48 1 0
gopkg.aoctech.app/billing/api/internal/api/v1/handlers.go:618.4,618.12 1 0
gopkg.aoctech.app/billing/api/internal/api/v1/handlers.go:624.3,630.1 3 0
gopkg.aoctech.app/billing/api/internal/api/v1/handlers.go:631.3,631.8 3 0
gopkg.aoctech.app/billing/api/internal/api/v1/handlers.go:633.2,633.12 1 0
gopkg.aoctech.app/billing/api/internal/api/v1/handlers.go:640.2,640.46 1 0
gopkg.aoctech.app/billing/api/internal/api/v1/handlers.go:641.3,641.19 1 0
gopkg.aoctech.app/billing/api/internal/api/v1/handlers.go:642.4,643.1 1 0
gopkg.aoctech.app/billing/api/internal/api/v1/handlers.go:644.3,644.28 1 0
gopkg.aoctech.app/billing/api/internal/api/v1/handlers.go:646.2,646.18 1 0
gopkg.aoctech.app/billing/api/internal/api/v1/handlers.go:656.2,656.62 1 0
gopkg.aoctech.app/billing/api/internal/api/v1/handlers.go:657.3,658.1 1 0
gopkg.aoctech.app/billing/api/internal/api/v1/handlers.go:659.2,659.18 1 0
gopkg.aoctech.app/billing/api/internal/api/v1/health.go:131.2,138.1 1 0
gopkg.aoctech.app/billing/api/internal/api/v1/health.go:149.2,152.1 6 0
gopkg.aoctech.app/billing/api/internal/api/v1/health.go:153.2,168.1 6 0
gopkg.aoctech.app/billing/api/internal/api/v1/health.go:170.2,179.1 6 0
gopkg.aoctech.app/billing/api/internal/api/v1/health.go:188.2,188.34 1 1
gopkg.aoctech.app/billing/api/internal/api/v1/health.go:189.3,190.1 1 1
gopkg.aoctech.app/billing/api/internal/api/v1/health.go:191.2,195.16 5 0
gopkg.aoctech.app/billing/api/internal/api/v1/health.go:196.3,198.1 2 0
gopkg.aoctech.app/billing/api/internal/api/v1/health.go:199.2,199.119 1 0
gopkg.aoctech.app/billing/api/internal/api/v1/health.go:208.2,208.15 1 1
gopkg.aoctech.app/billing/api/internal/api/v1/health.go:209.3,210.1 1 1
gopkg.aoctech.app/billing/api/internal/api/v1/health.go:211.2,215.16 5 0
gopkg.aoctech.app/billing/api/internal/api/v1/health.go:216.3,218.1 2 0
gopkg.aoctech.app/billing/api/internal/api/v1/health.go:219.2,219.117 1 0
gopkg.aoctech.app/billing/api/internal/api/v1/health.go:231.2,233.52 3 1
gopkg.aoctech.app/billing/api/internal/api/v1/health.go:234.3,236.1 2 0
gopkg.aoctech.app/billing/api/internal/api/v1/health.go:237.2,246.1 1 1
gopkg.aoctech.app/billing/api/internal/api/v1/health.go:252.2,253.27 2 4
gopkg.aoctech.app/billing/api/internal/api/v1/health.go:254.3,254.29 1 6
gopkg.aoctech.app/billing/api/internal/api/v1/health.go:255.4,256.1 1 1
gopkg.aoctech.app/billing/api/internal/api/v1/health.go:257.3,257.29 1 5
gopkg.aoctech.app/billing/api/internal/api/v1/health.go:258.4,259.1 1 2
gopkg.aoctech.app/billing/api/internal/api/v1/health.go:261.2,261.27 1 3
gopkg.aoctech.app/billing/api/internal/api/v1/health.go:262.3,263.1 1 1
gopkg.aoctech.app/billing/api/internal/api/v1/health.go:264.2,264.35 1 2
gopkg.aoctech.app/billing/api/internal/api/v1/health.go:268.2,269.1 1 0
gopkg.aoctech.app/billing/api/internal/api/v1/health.go:272.2,273.1 1 0
gopkg.aoctech.app/billing/api/internal/api/v1/health.go:279.2,280.45 2 4
gopkg.aoctech.app/billing/api/internal/api/v1/health.go:281.3,282.1 1 2
gopkg.aoctech.app/billing/api/internal/api/v1/health.go:283.2,283.101 1 4
gopkg.aoctech.app/billing/api/internal/api/v1/health.go:290.2,290.29 1 0
gopkg.aoctech.app/billing/api/internal/api/v1/health.go:291.3,292.1 1 0
gopkg.aoctech.app/billing/api/internal/api/v1/health.go:293.2,294.16 2 0
gopkg.aoctech.app/billing/api/internal/api/v1/health.go:295.3,296.1 1 0
gopkg.aoctech.app/billing/api/internal/api/v1/health.go:297.2,297.15 1 0
gopkg.aoctech.app/billing/api/internal/api/v1/health.go:298.3,298.45 1 0
gopkg.aoctech.app/billing/api/internal/api/v1/health.go:299.4,300.1 1 0
gopkg.aoctech.app/billing/api/internal/api/v1/health.go:302.2,303.21 2 0
gopkg.aoctech.app/billing/api/internal/api/v1/health.go:304.3,305.1 1 0
gopkg.aoctech.app/billing/api/internal/api/v1/health.go:306.2,307.43 2 0
gopkg.aoctech.app/billing/api/internal/api/v1/health.go:308.3,309.1 1 0
gopkg.aoctech.app/billing/api/internal/api/v1/health.go:310.2,311.31 2 0
gopkg.aoctech.app/billing/api/internal/api/v1/health.go:312.3,313.17 2 0
gopkg.aoctech.app/billing/api/internal/api/v1/health.go:314.4,314.9 1 0
gopkg.aoctech.app/billing/api/internal/api/v1/health.go:316.3,316.25 1 0
gopkg.aoctech.app/billing/api/internal/api/v1/health.go:318.2,318.19 1 0
gopkg.aoctech.app/billing/api/internal/api/v1/health.go:319.3,320.1 1 0
gopkg.aoctech.app/billing/api/internal/api/v1/health.go:321.2,323.25 3 0
gopkg.aoctech.app/billing/api/internal/api/v1/health.go:324.3,325.1 1 0
gopkg.aoctech.app/billing/api/internal/api/v1/health.go:326.2,326.16 1 0
gopkg.aoctech.app/billing/api/internal/api/v1/health.go:327.3,328.1 1 0
gopkg.aoctech.app/billing/api/internal/api/v1/health.go:329.2,329.63 1 0
gopkg.aoctech.app/billing/api/internal/api/v1/health.go:335.2,335.29 1 0
gopkg.aoctech.app/billing/api/internal/api/v1/health.go:336.3,337.1 1 0
gopkg.aoctech.app/billing/api/internal/api/v1/health.go:338.2,339.16 2 0
gopkg.aoctech.app/billing/api/internal/api/v1/health.go:340.3,341.1 1 0
gopkg.aoctech.app/billing/api/internal/api/v1/health.go:342.2,342.15 1 0
gopkg.aoctech.app/billing/api/internal/api/v1/health.go:343.3,343.45 1 0
gopkg.aoctech.app/billing/api/internal/api/v1/health.go:344.4,345.1 1 0
gopkg.aoctech.app/billing/api/internal/api/v1/health.go:347.2,349.21 3 0
gopkg.aoctech.app/billing/api/internal/api/v1/health.go:350.3,351.10 2 0
gopkg.aoctech.app/billing/api/internal/api/v1/health.go:352.4,352.12 1 0
gopkg.aoctech.app/billing/api/internal/api/v1/health.go:354.3,355.23 2 0
gopkg.aoctech.app/billing/api/internal/api/v1/health.go:356.4,356.12 1 0
gopkg.aoctech.app/billing/api/internal/api/v1/health.go:358.3,358.64 1 0
gopkg.aoctech.app/billing/api/internal/api/v1/health.go:359.4,360.1 1 0
gopkg.aoctech.app/billing/api/internal/api/v1/health.go:362.2,364.32 3 0
gopkg.aoctech.app/billing/api/internal/api/v1/health.go:365.3,366.1 1 0
gopkg.aoctech.app/billing/api/internal/api/v1/health.go:367.2,367.68 1 0
gopkg.aoctech.app/billing/api/internal/api/v1/health.go:371.2,372.1 1 0
gopkg.aoctech.app/billing/api/internal/api/v1/me.go:43.2,44.15 2 0
gopkg.aoctech.app/billing/api/internal/api/v1/me.go:45.3,46.1 1 0
gopkg.aoctech.app/billing/api/internal/api/v1/me.go:47.2,47.18 1 0
gopkg.aoctech.app/billing/api/internal/api/v1/me.go:50.3,51.1 1 0
gopkg.aoctech.app/billing/api/internal/api/v1/me.go:53.2,54.1 2 0
gopkg.aoctech.app/billing/api/internal/api/v1/me.go:55.2,55.34 2 0
gopkg.aoctech.app/billing/api/internal/api/v1/me.go:56.3,57.10 2 0
gopkg.aoctech.app/billing/api/internal/api/v1/me.go:59.4,59.66 1 0
gopkg.aoctech.app/billing/api/internal/api/v1/me.go:61.4,61.23 1 0
gopkg.aoctech.app/billing/api/internal/api/v1/me.go:68.2,69.9 2 0
gopkg.aoctech.app/billing/api/internal/api/v1/me.go:71.3,71.63 1 0
gopkg.aoctech.app/billing/api/internal/api/v1/me.go:73.3,73.22 1 0
gopkg.aoctech.app/billing/api/internal/api/v1/me.go:76.2,76.20 1 0
gopkg.aoctech.app/billing/api/internal/api/v1/portal.go:45.2,53.1 2 0
gopkg.aoctech.app/billing/api/internal/api/v1/portal.go:61.2,64.16 2 0
gopkg.aoctech.app/billing/api/internal/api/v1/portal.go:65.3,66.1 1 0
gopkg.aoctech.app/billing/api/internal/api/v1/portal.go:67.2,73.4 1 0
gopkg.aoctech.app/billing/api/internal/api/v1/portal.go:78.2,80.1 4 0
gopkg.aoctech.app/billing/api/internal/api/v1/portal.go:81.2,82.16 4 0
gopkg.aoctech.app/billing/api/internal/api/v1/portal.go:83.3,84.1 1 0
gopkg.aoctech.app/billing/api/internal/api/v1/portal.go:85.2,86.22 2 0
gopkg.aoctech.app/billing/api/internal/api/v1/portal.go:87.3,88.17 2 0
gopkg.aoctech.app/billing/api/internal/api/v1/portal.go:89.4,90.1 1 0
gopkg.aoctech.app/billing/api/internal/api/v1/portal.go:91.3,91.26 1 0
gopkg.aoctech.app/billing/api/internal/api/v1/portal.go:93.2,93.68 1 0
gopkg.aoctech.app/billing/api/internal/api/v1/portal.go:101.2,103.1 4 0
gopkg.aoctech.app/billing/api/internal/api/v1/portal.go:104.2,105.16 4 0
gopkg.aoctech.app/billing/api/internal/api/v1/portal.go:106.3,107.1 1 0
gopkg.aoctech.app/billing/api/internal/api/v1/portal.go:108.2,108.35 1 0
gopkg.aoctech.app/billing/api/internal/api/v1/portal.go:111.3,112.1 1 0
gopkg.aoctech.app/billing/api/internal/api/v1/portal.go:113.2,114.16 2 0
gopkg.aoctech.app/billing/api/internal/api/v1/portal.go:115.3,116.1 1 0
gopkg.aoctech.app/billing/api/internal/api/v1/portal.go:117.2,118.16 2 0
gopkg.aoctech.app/billing/api/internal/api/v1/portal.go:119.3,120.1 1 0
gopkg.aoctech.app/billing/api/internal/api/v1/portal.go:121.2,121.21 1 0
gopkg.aoctech.app/billing/api/internal/api/v1/portal.go:131.2,133.1 4 0
gopkg.aoctech.app/billing/api/internal/api/v1/portal.go:134.2,136.16 4 0
gopkg.aoctech.app/billing/api/internal/api/v1/portal.go:137.3,138.1 1 0
gopkg.aoctech.app/billing/api/internal/api/v1/portal.go:140.2,141.26 2 0
gopkg.aoctech.app/billing/api/internal/api/v1/portal.go:142.3,143.1 2 0
gopkg.aoctech.app/billing/api/internal/api/v1/portal.go:145.3,145.41 2 0
gopkg.aoctech.app/billing/api/internal/api/v1/portal.go:146.4,146.12 1 0
gopkg.aoctech.app/billing/api/internal/api/v1/portal.go:148.3,149.17 2 0
gopkg.aoctech.app/billing/api/internal/api/v1/portal.go:150.4,151.1 1 0
gopkg.aoctech.app/billing/api/internal/api/v1/portal.go:152.3,153.1 3 0
gopkg.aoctech.app/billing/api/internal/api/v1/portal.go:155.3,156.26 3 0
gopkg.aoctech.app/billing/api/internal/api/v1/portal.go:158.2,158.17 1 0
gopkg.aoctech.app/billing/api/internal/api/v1/portal.go:173.2,175.1 4 0
gopkg.aoctech.app/billing/api/internal/api/v1/portal.go:176.2,177.16 4 0
gopkg.aoctech.app/billing/api/internal/api/v1/portal.go:178.3,179.1 1 0
gopkg.aoctech.app/billing/api/internal/api/v1/portal.go:180.2,180.73 1 0
gopkg.aoctech.app/billing/api/internal/api/v1/portal.go:183.3,184.1 1 0
gopkg.aoctech.app/billing/api/internal/api/v1/portal.go:185.2,185.17 1 0
gopkg.aoctech.app/billing/api/internal/api/v1/portal.go:190.2,193.1 5 0
gopkg.aoctech.app/billing/api/internal/api/v1/portal.go:194.2,195.16 5 0
gopkg.aoctech.app/billing/api/internal/api/v1/portal.go:196.3,197.1 1 0
gopkg.aoctech.app/billing/api/internal/api/v1/portal.go:198.2,199.22 2 0
gopkg.aoctech.app/billing/api/internal/api/v1/portal.go:200.3,201.1 2 0
gopkg.aoctech.app/billing/api/internal/api/v1/portal.go:203.3,203.41 2 0
gopkg.aoctech.app/billing/api/internal/api/v1/portal.go:204.4,204.12 1 0
gopkg.aoctech.app/billing/api/internal/api/v1/portal.go:206.3,207.17 2 0
gopkg.aoctech.app/billing/api/internal/api/v1/portal.go:208.4,209.1 1 0
gopkg.aoctech.app/billing/api/internal/api/v1/portal.go:210.3,210.65 1 0
gopkg.aoctech.app/billing/api/internal/api/v1/portal.go:212.2,212.63 1 0
gopkg.aoctech.app/billing/api/internal/api/v1/portal.go:217.2,219.16 3 0
gopkg.aoctech.app/billing/api/internal/api/v1/portal.go:220.3,221.1 1 0
gopkg.aoctech.app/billing/api/internal/api/v1/portal.go:222.2,223.16 2 0
gopkg.aoctech.app/billing/api/internal/api/v1/portal.go:224.3,225.1 1 0
gopkg.aoctech.app/billing/api/internal/api/v1/portal.go:226.2,226.64 1 0
gopkg.aoctech.app/billing/api/internal/api/v1/portal.go:237.2,239.1 4 0
gopkg.aoctech.app/billing/api/internal/api/v1/portal.go:240.2,241.16 4 0
gopkg.aoctech.app/billing/api/internal/api/v1/portal.go:242.3,243.1 1 0
gopkg.aoctech.app/billing/api/internal/api/v1/portal.go:244.2,244.73 1 0
gopkg.aoctech.app/billing/api/internal/api/v1/portal.go:245.3,246.1 1 0
gopkg.aoctech.app/billing/api/internal/api/v1/portal.go:248.2,250.16 2 0
gopkg.aoctech.app/billing/api/internal/api/v1/portal.go:251.3,252.1 1 0
gopkg.aoctech.app/billing/api/internal/api/v1/portal.go:253.2,254.16 2 0
gopkg.aoctech.app/billing/api/internal/api/v1/portal.go:255.3,256.1 1 0
gopkg.aoctech.app/billing/api/internal/api/v1/portal.go:257.2,264.4 1 0
gopkg.aoctech.app/billing/api/internal/api/v1/portal.go:281.2,283.1 4 0
gopkg.aoctech.app/billing/api/internal/api/v1/portal.go:284.2,285.16 4 0
gopkg.aoctech.app/billing/api/internal/api/v1/portal.go:286.3,287.1 1 0
gopkg.aoctech.app/billing/api/internal/api/v1/portal.go:288.2,288.35 1 0
gopkg.aoctech.app/billing/api/internal/api/v1/portal.go:289.3,290.1 1 0
gopkg.aoctech.app/billing/api/internal/api/v1/portal.go:294.2,294.73 1 0
gopkg.aoctech.app/billing/api/internal/api/v1/portal.go:295.3,296.17 2 0
gopkg.aoctech.app/billing/api/internal/api/v1/portal.go:297.4,298.1 1 0
gopkg.aoctech.app/billing/api/internal/api/v1/portal.go:299.3,299.22 1 0
gopkg.aoctech.app/billing/api/internal/api/v1/portal.go:302.2,304.16 1 0
gopkg.aoctech.app/billing/api/internal/api/v1/portal.go:305.3,306.1 1 0
gopkg.aoctech.app/billing/api/internal/api/v1/portal.go:307.2,308.16 2 0
gopkg.aoctech.app/billing/api/internal/api/v1/portal.go:309.3,310.1 1 0
gopkg.aoctech.app/billing/api/internal/api/v1/portal.go:311.2,311.21 1 0
gopkg.aoctech.app/billing/api/internal/api/v1/portal.go:317.2,320.1 5 0
gopkg.aoctech.app/billing/api/internal/api/v1/portal.go:321.2,331.1 5 0
gopkg.aoctech.app/billing/api/internal/api/v1/portal.go:332.2,332.74 5 0
gopkg.aoctech.app/billing/api/internal/api/v1/portal.go:333.3,334.1 1 0
gopkg.aoctech.app/billing/api/internal/api/v1/portal.go:336.2,337.16 2 0
gopkg.aoctech.app/billing/api/internal/api/v1/portal.go:338.3,339.1 1 0
gopkg.aoctech.app/billing/api/internal/api/v1/portal.go:340.2,340.21 1 0
gopkg.aoctech.app/billing/api/internal/api/v1/portal.go:341.3,342.1 1 0
gopkg.aoctech.app/billing/api/internal/api/v1/portal.go:347.2,350.1 4 0
gopkg.aoctech.app/billing/api/internal/api/v1/portal.go:351.2,351.27 4 0
gopkg.aoctech.app/billing/api/internal/api/v1/portal.go:352.3,353.17 2 0
gopkg.aoctech.app/billing/api/internal/api/v1/portal.go:354.4,355.1 1 0
gopkg.aoctech.app/billing/api/internal/api/v1/portal.go:356.3,357.17 2 0
gopkg.aoctech.app/billing/api/internal/api/v1/portal.go:358.4,359.1 1 0
gopkg.aoctech.app/billing/api/internal/api/v1/portal.go:360.3,361.44 2 0
gopkg.aoctech.app/billing/api/internal/api/v1/portal.go:362.4,363.1 1 0
gopkg.aoctech.app/billing/api/internal/api/v1/portal.go:364.3,364.41 1 0
gopkg.aoctech.app/billing/api/internal/api/v1/portal.go:365.4,366.12 2 0
gopkg.aoctech.app/billing/api/internal/api/v1/portal.go:368.3,368.57 1 0
gopkg.aoctech.app/billing/api/internal/api/v1/portal.go:371.2,372.1 3 0
gopkg.aoctech.app/billing/api/internal/api/v1/portal.go:376.2,377.14 3 0
gopkg.aoctech.app/billing/api/internal/api/v1/portal.go:381.3,382.1 1 0
gopkg.aoctech.app/billing/api/internal/api/v1/portal.go:383.2,383.17 1 0
gopkg.aoctech.app/billing/api/internal/api/v1/portal_dto.go:155.2,155.20 1 20
gopkg.aoctech.app/billing/api/internal/api/v1/portal_dto.go:157.3,157.30 1 4
gopkg.aoctech.app/billing/api/internal/api/v1/portal_dto.go:159.3,159.34 1 2
gopkg.aoctech.app/billing/api/internal/api/v1/portal_dto.go:161.3,161.45 1 1
gopkg.aoctech.app/billing/api/internal/api/v1/portal_dto.go:165.3,165.40 1 2
gopkg.aoctech.app/billing/api/internal/api/v1/portal_dto.go:168.2,169.9 2 11
gopkg.aoctech.app/billing/api/internal/api/v1/portal_dto.go:171.3,171.84 1 3
gopkg.aoctech.app/billing/api/internal/api/v1/portal_dto.go:173.3,173.34 1 3
gopkg.aoctech.app/billing/api/internal/api/v1/portal_dto.go:175.3,175.40 1 1
gopkg.aoctech.app/billing/api/internal/api/v1/portal_dto.go:177.3,177.62 1 2
gopkg.aoctech.app/billing/api/internal/api/v1/portal_dto.go:181.3,181.58 1 2
gopkg.aoctech.app/billing/api/internal/api/v1/portal_dto.go:187.2,188.1 1 2
gopkg.aoctech.app/billing/api/internal/api/v1/portal_dto.go:192.2,192.20 1 7
gopkg.aoctech.app/billing/api/internal/api/v1/portal_dto.go:194.3,194.34 1 1
gopkg.aoctech.app/billing/api/internal/api/v1/portal_dto.go:198.3,198.42 1 1
gopkg.aoctech.app/billing/api/internal/api/v1/portal_dto.go:200.3,200.32 1 1
gopkg.aoctech.app/billing/api/internal/api/v1/portal_dto.go:202.3,202.34 1 1
gopkg.aoctech.app/billing/api/internal/api/v1/portal_dto.go:204.3,204.51 1 1
gopkg.aoctech.app/billing/api/internal/api/v1/portal_dto.go:206.3,206.28 1 2
gopkg.aoctech.app/billing/api/internal/api/v1/portal_dto.go:207.4,208.1 1 1
gopkg.aoctech.app/billing/api/internal/api/v1/portal_dto.go:209.3,209.31 1 1
gopkg.aoctech.app/billing/api/internal/api/v1/portal_dto.go:214.2,214.12 1 3
gopkg.aoctech.app/billing/api/internal/api/v1/portal_dto.go:215.3,216.1 1 2
gopkg.aoctech.app/billing/api/internal/api/v1/portal_dto.go:217.2,217.29 1 1
gopkg.aoctech.app/billing/api/internal/api/v1/portal_dto.go:221.2,237.1 3 7
gopkg.aoctech.app/billing/api/internal/api/v1/portal_dto.go:238.2,238.26 3 7
gopkg.aoctech.app/billing/api/internal/api/v1/portal_dto.go:239.3,244.1 1 0
gopkg.aoctech.app/billing/api/internal/api/v1/portal_dto.go:245.2,245.12 1 7
gopkg.aoctech.app/billing/api/internal/api/v1/portal_dto.go:253.2,253.17 1 7
gopkg.aoctech.app/billing/api/internal/api/v1/portal_dto.go:254.3,255.1 1 6
gopkg.aoctech.app/billing/api/internal/api/v1/portal_dto.go:256.2,257.16 2 1
gopkg.aoctech.app/billing/api/internal/api/v1/portal_dto.go:258.3,259.1 1 0
gopkg.aoctech.app/billing/api/internal/api/v1/portal_dto.go:260.2,261.11 2 1
gopkg.aoctech.app/billing/api/internal/api/v1/portal_dto.go:270.2,270.20 1 10
gopkg.aoctech.app/billing/api/internal/api/v1/portal_dto.go:272.3,272.18 1 8
gopkg.aoctech.app/billing/api/internal/api/v1/portal_dto.go:274.3,274.30 1 1
gopkg.aoctech.app/billing/api/internal/api/v1/portal_dto.go:276.3,276.73 1 1
gopkg.aoctech.app/billing/api/internal/api/v1/portal_events.go:68.2,70.1 4 0
gopkg.aoctech.app/billing/api/internal/api/v1/portal_events.go:71.2,72.16 4 0
gopkg.aoctech.app/billing/api/internal/api/v1/portal_events.go:73.3,74.1 1 0
gopkg.aoctech.app/billing/api/internal/api/v1/portal_events.go:77.2,77.73 1 0
gopkg.aoctech.app/billing/api/internal/api/v1/portal_events.go:78.3,79.1 1 0
gopkg.aoctech.app/billing/api/internal/api/v1/portal_events.go:84.2,90.1 8 0
gopkg.aoctech.app/billing/api/internal/api/v1/portal_events.go:91.2,94.1 8 0
gopkg.aoctech.app/billing/api/internal/api/v1/portal_events.go:96.2,97.1 8 0
gopkg.aoctech.app/billing/api/internal/api/v1/portal_events.go:98.2,100.1 8 0
gopkg.aoctech.app/billing/api/internal/api/v1/portal_events.go:101.2,101.50 8 0
gopkg.aoctech.app/billing/api/internal/api/v1/portal_events.go:102.3,102.14 1 0
gopkg.aoctech.app/billing/api/internal/api/v1/portal_events.go:103.4,105.1 2 0
gopkg.aoctech.app/billing/api/internal/api/v1/portal_events.go:107.3,109.1 4 0
gopkg.aoctech.app/billing/api/internal/api/v1/portal_events.go:113.3,114.17 4 0
gopkg.aoctech.app/billing/api/internal/api/v1/portal_events.go:115.4,116.1 1 0
gopkg.aoctech.app/billing/api/internal/api/v1/portal_events.go:118.3,120.1 3 0
gopkg.aoctech.app/billing/api/internal/api/v1/portal_events.go:121.3,121.7 3 0
gopkg.aoctech.app/billing/api/internal/api/v1/portal_events.go:122.4,123.11 2 0
gopkg.aoctech.app/billing/api/internal/api/v1/portal_events.go:125.5,125.32 1 0
gopkg.aoctech.app/billing/api/internal/api/v1/portal_events.go:127.5,127.30 1 0
gopkg.aoctech.app/billing/api/internal/api/v1/portal_events.go:130.4,130.11 1 0
gopkg.aoctech.app/billing/api/internal/api/v1/portal_events.go:134.5,135.11 2 0
gopkg.aoctech.app/billing/api/internal/api/v1/portal_events.go:136.21,136.21 0 0
gopkg.aoctech.app/billing/api/internal/api/v1/portal_events.go:140.32,140.32 0 0
gopkg.aoctech.app/billing/api/internal/api/v1/portal_events.go:143.4,144.18 2 0
gopkg.aoctech.app/billing/api/internal/api/v1/portal_events.go:149.5,150.36 2 0
gopkg.aoctech.app/billing/api/internal/api/v1/portal_events.go:151.6,152.1 1 0
gopkg.aoctech.app/billing/api/internal/api/v1/portal_events.go:153.5,153.13 1 0
gopkg.aoctech.app/billing/api/internal/api/v1/portal_events.go:156.4,156.26 1 0
gopkg.aoctech.app/billing/api/internal/api/v1/portal_events.go:157.5,159.1 2 0
gopkg.aoctech.app/billing/api/internal/api/v1/portal_events.go:165.4,165.45 1 0
gopkg.aoctech.app/billing/api/internal/api/v1/portal_events.go:166.5,168.1 2 0
gopkg.aoctech.app/billing/api/internal/api/v1/portal_events.go:169.4,169.35 1 0
gopkg.aoctech.app/billing/api/internal/api/v1/portal_events.go:170.5,171.1 1 0
gopkg.aoctech.app/billing/api/internal/api/v1/portal_events.go:177.2,178.1 1 5
gopkg.aoctech.app/billing/api/internal/api/v1/portal_events.go:184.2,184.41 1 2
gopkg.aoctech.app/billing/api/internal/api/v1/portal_events.go:185.3,186.1 1 1
gopkg.aoctech.app/billing/api/internal/api/v1/portal_events.go:187.2,187.55 1 1
gopkg.aoctech.app/billing/api/internal/api/v1/portal_events.go:188.3,190.1 2 0
gopkg.aoctech.app/billing/api/internal/api/v1/portal_events.go:191.2,191.34 1 1
gopkg.aoctech.app/billing/api/internal/api/v1/portal_events.go:192.3,194.1 2 0
gopkg.aoctech.app/billing/api/internal/api/v1/portal_events.go:195.2,196.13 2 1
gopkg.aoctech.app/billing/api/internal/api/v1/portal_events.go:200.2,200.78 1 1
gopkg.aoctech.app/billing/api/internal/api/v1/portal_events.go:201.3,203.1 2 0
gopkg.aoctech.app/billing/api/internal/api/v1/portal_events.go:204.2,204.34 1 1
gopkg.aoctech.app/billing/api/internal/api/v1/portal_events.go:205.3,206.1 1 0
gopkg.aoctech.app/billing/api/internal/api/v1/router.go:78.2,79.18 2 0
gopkg.aoctech.app/billing/api/internal/api/v1/router.go:80.3,81.1 1 0
gopkg.aoctech.app/billing/api/internal/api/v1/router.go:82.2,96.1 2 0
gopkg.aoctech.app/billing/api/internal/api/v1/router.go:101.2,101.24 2 0
gopkg.aoctech.app/billing/api/internal/api/v1/router.go:102.3,103.1 1 0
gopkg.aoctech.app/billing/api/internal/api/v1/router.go:105.2,106.1 7 0
gopkg.aoctech.app/billing/api/internal/api/v1/router.go:111.2,113.1 7 0
gopkg.aoctech.app/billing/api/internal/api/v1/router.go:114.2,117.1 7 0
gopkg.aoctech.app/billing/api/internal/api/v1/router.go:123.2,123.42 7 0
gopkg.aoctech.app/billing/api/internal/api/v1/router.go:123.44,123.83 1 0
gopkg.aoctech.app/billing/api/internal/api/v1/router.go:125.2,130.1 19 0
gopkg.aoctech.app/billing/api/internal/api/v1/router.go:131.2,138.1 19 0
gopkg.aoctech.app/billing/api/internal/api/v1/router.go:142.2,144.1 19 0
gopkg.aoctech.app/billing/api/internal/api/v1/router.go:149.2,154.1 19 0
gopkg.aoctech.app/billing/api/internal/api/v1/router.go:155.2,157.1 19 0
gopkg.aoctech.app/billing/api/internal/api/v1/router.go:158.2,163.1 19 0
gopkg.aoctech.app/billing/api/internal/api/v1/router.go:164.2,166.1 19 0
gopkg.aoctech.app/billing/api/internal/api/v1/router.go:167.2,169.28 19 0
gopkg.aoctech.app/billing/api/internal/api/v1/router.go:185.2,185.24 1 0
gopkg.aoctech.app/billing/api/internal/api/v1/router.go:186.3,187.1 1 0
gopkg.aoctech.app/billing/api/internal/api/v1/router.go:188.2,189.1 3 0
gopkg.aoctech.app/billing/api/internal/api/v1/router.go:193.2,194.1 3 0
gopkg.aoctech.app/billing/api/internal/api/v1/router.go:195.2,195.25 3 0
gopkg.aoctech.app/billing/api/internal/api/v1/router.go:196.3,197.1 1 0
gopkg.aoctech.app/billing/api/internal/api/v1/router.go:198.2,199.41 2 0
gopkg.aoctech.app/billing/api/internal/api/v1/router.go:210.2,211.1 1 0
gopkg.aoctech.app/billing/api/internal/api/v1/router.go:221.2,228.1 11 0
gopkg.aoctech.app/billing/api/internal/api/v1/router.go:233.2,234.1 11 0
gopkg.aoctech.app/billing/api/internal/api/v1/router.go:235.2,236.1 11 0
gopkg.aoctech.app/billing/api/internal/api/v1/router.go:237.2,239.1 11 0
gopkg.aoctech.app/billing/api/internal/api/v1/router.go:242.2,244.1 11 0
gopkg.aoctech.app/billing/api/internal/api/v1/router.go:248.2,250.1 11 0
gopkg.aoctech.app/billing/api/internal/api/v1/router.go:253.2,257.1 11 0
gopkg.aoctech.app/billing/api/internal/api/v1/router.go:258.2,262.1 11 0
gopkg.aoctech.app/billing/api/internal/api/v1/router.go:264.2,264.27 11 0
gopkg.aoctech.app/billing/api/internal/api/v1/router.go:265.3,267.1 1 0
gopkg.aoctech.app/billing/api/internal/api/v1/router.go:277.2,283.1 17 0
gopkg.aoctech.app/billing/api/internal/api/v1/router.go:284.2,288.1 17 0
gopkg.aoctech.app/billing/api/internal/api/v1/router.go:291.2,295.1 17 0
gopkg.aoctech.app/billing/api/internal/api/v1/router.go:296.2,302.1 17 0
gopkg.aoctech.app/billing/api/internal/api/v1/router.go:305.2,307.1 17 0
gopkg.aoctech.app/billing/api/internal/api/v1/router.go:312.2,316.1 17 0
gopkg.aoctech.app/billing/api/internal/api/v1/router.go:318.2,320.1 17 0
gopkg.aoctech.app/billing/api/internal/api/v1/router.go:324.2,326.1 17 0
gopkg.aoctech.app/billing/api/internal/api/v1/router.go:327.2,330.76 17 0
gopkg.aoctech.app/billing/api/internal/api/v1/router.go:341.2,344.1 11 0
gopkg.aoctech.app/billing/api/internal/api/v1/router.go:345.2,348.1 11 0
gopkg.aoctech.app/billing/api/internal/api/v1/router.go:356.2,358.1 11 0
gopkg.aoctech.app/billing/api/internal/api/v1/router.go:359.2,363.1 11 0
gopkg.aoctech.app/billing/api/internal/api/v1/router.go:367.2,369.1 11 0
gopkg.aoctech.app/billing/api/internal/api/v1/router.go:370.2,374.27 11 0
gopkg.aoctech.app/billing/api/internal/api/v1/router.go:375.3,377.1 1 0
gopkg.aoctech.app/billing/api/internal/api/v1/router.go:379.2,379.24 1 0
gopkg.aoctech.app/billing/api/internal/api/v1/router.go:380.3,382.1 2 0
gopkg.aoctech.app/billing/api/internal/api/v1/router.go:387.3,389.1 2 0
gopkg.aoctech.app/billing/api/internal/crypto/field.go:97.2,98.16 2 13
gopkg.aoctech.app/billing/api/internal/crypto/field.go:99.3,100.1 1 4
gopkg.aoctech.app/billing/api/internal/crypto/field.go:101.2,102.31 2 9
gopkg.aoctech.app/billing/api/internal/crypto/field.go:103.3,104.17 2 10
gopkg.aoctech.app/billing/api/internal/crypto/field.go:105.4,106.1 1 0
gopkg.aoctech.app/billing/api/internal/crypto/field.go:107.3,108.17 2 10
gopkg.aoctech.app/billing/api/internal/crypto/field.go:109.4,110.1 1 0
gopkg.aoctech.app/billing/api/internal/crypto/field.go:111.3,112.20 2 10
gopkg.aoctech.app/billing/api/internal/crypto/field.go:113.4,114.1 1 9
gopkg.aoctech.app/billing/api/internal/crypto/field.go:116.2,116.10 1 9
gopkg.aoctech.app/billing/api/internal/crypto/field.go:122.42,122.58 1 1
gopkg.aoctech.app/billing/api/internal/crypto/field.go:125.35,125.68 1 8
gopkg.aoctech.app/billing/api/internal/crypto/field.go:131.2,131.21 1 11
gopkg.aoctech.app/billing/api/internal/crypto/field.go:132.3,133.1 1 1
gopkg.aoctech.app/billing/api/internal/crypto/field.go:134.2,134.30 1 10
gopkg.aoctech.app/billing/api/internal/crypto/field.go:135.3,136.1 1 3
gopkg.aoctech.app/billing/api/internal/crypto/field.go:137.2,139.44 3 7
gopkg.aoctech.app/billing/api/internal/crypto/field.go:140.3,141.1 1 0
gopkg.aoctech.app/billing/api/internal/crypto/field.go:142.2,143.94 2 7
gopkg.aoctech.app/billing/api/internal/crypto/field.go:148.2,148.18 1 7
gopkg.aoctech.app/billing/api/internal/crypto/field.go:149.3,150.1 1 1
gopkg.aoctech.app/billing/api/internal/crypto/field.go:151.2,151.30 1 6
gopkg.aoctech.app/billing/api/internal/crypto/field.go:152.3,153.1 1 0
gopkg.aoctech.app/billing/api/internal/crypto/field.go:154.2,155.9 2 6
gopkg.aoctech.app/billing/api/internal/crypto/field.go:156.3,157.1 1 1
gopkg.aoctech.app/billing/api/internal/crypto/field.go:158.2,159.9 2 5
gopkg.aoctech.app/billing/api/internal/crypto/field.go:160.3,161.1 1 1
gopkg.aoctech.app/billing/api/internal/crypto/field.go:162.2,163.16 2 4
gopkg.aoctech.app/billing/api/internal/crypto/field.go:164.3,165.1 1 0
gopkg.aoctech.app/billing/api/internal/crypto/field.go:166.2,166.33 1 4
gopkg.aoctech.app/billing/api/internal/crypto/field.go:167.3,168.1 1 0
gopkg.aoctech.app/billing/api/internal/crypto/field.go:169.2,171.16 3 4
gopkg.aoctech.app/billing/api/internal/crypto/field.go:175.3,176.1 1 2
gopkg.aoctech.app/billing/api/internal/crypto/field.go:177.2,177.31 1 2
gopkg.aoctech.app/billing/api/internal/crypto/field.go:181.2,181.14 1 3
gopkg.aoctech.app/billing/api/internal/crypto/field.go:182.3,183.1 1 0
gopkg.aoctech.app/billing/api/internal/crypto/field.go:184.2,184.14 1 3
gopkg.aoctech.app/billing/api/internal/crypto/field.go:189.2,190.9 2 6
gopkg.aoctech.app/billing/api/internal/crypto/field.go:191.3,192.1 1 1
gopkg.aoctech.app/billing/api/internal/crypto/field.go:193.2,194.9 2 5
gopkg.aoctech.app/billing/api/internal/crypto/field.go:195.3,196.1 1 0
gopkg.aoctech.app/billing/api/internal/crypto/field.go:197.2,198.27 2 5
gopkg.aoctech.app/billing/api/internal/crypto/field.go:199.3,200.1 1 0
gopkg.aoctech.app/billing/api/internal/crypto/field.go:201.2,201.24 1 5
gopkg.aoctech.app/billing/api/internal/crypto/field.go:206.2,207.49 2 13
gopkg.aoctech.app/billing/api/internal/crypto/field.go:208.3,209.18 2 15
gopkg.aoctech.app/billing/api/internal/crypto/field.go:210.4,210.12 1 1
gopkg.aoctech.app/billing/api/internal/crypto/field.go:212.3,213.59 2 14
gopkg.aoctech.app/billing/api/internal/crypto/field.go:214.4,215.27 2 5
gopkg.aoctech.app/billing/api/internal/crypto/field.go:216.5,217.1 1 0
gopkg.aoctech.app/billing/api/internal/crypto/field.go:218.4,218.23 1 5
gopkg.aoctech.app/billing/api/internal/crypto/field.go:220.3,221.17 2 14
gopkg.aoctech.app/billing/api/internal/crypto/field.go:222.4,223.1 1 2
gopkg.aoctech.app/billing/api/internal/crypto/field.go:226.3,226.30 1 12
gopkg.aoctech.app/billing/api/internal/crypto/field.go:227.4,228.1 1 1
gopkg.aoctech.app/billing/api/internal/crypto/field.go:229.3,229.17 1 11
gopkg.aoctech.app/billing/api/internal/crypto/field.go:231.2,231.19 1 10
gopkg.aoctech.app/billing/api/internal/crypto/field.go:232.3,233.1 1 1
gopkg.aoctech.app/billing/api/internal/crypto/field.go:234.2,234.17 1 9
gopkg.aoctech.app/billing/api/internal/crypto/field.go:238.2,239.15 2 14
gopkg.aoctech.app/billing/api/internal/crypto/field.go:240.3,241.1 1 0
gopkg.aoctech.app/billing/api/internal/crypto/field.go:247.2,247.80 1 14
gopkg.aoctech.app/billing/api/internal/crypto/field.go:248.3,249.1 1 5
gopkg.aoctech.app/billing/api/internal/crypto/field.go:250.2,250.65 1 9
gopkg.aoctech.app/billing/api/internal/crypto/field.go:251.3,252.1 1 7
gopkg.aoctech.app/billing/api/internal/crypto/field.go:253.2,253.90 1 2
gopkg.aoctech.app/billing/api/internal/domain/billing/catalog.go:92.2,92.16 1 9
gopkg.aoctech.app/billing/api/internal/domain/billing/catalog.go:93.32,93.32 0 8
gopkg.aoctech.app/billing/api/internal/domain/billing/catalog.go:95.3,95.68 1 1
gopkg.aoctech.app/billing/api/internal/domain/billing/catalog.go:97.2,97.31 1 8
gopkg.aoctech.app/billing/api/internal/domain/billing/catalog.go:98.3,99.1 1 1
gopkg.aoctech.app/billing/api/internal/domain/billing/catalog.go:100.2,100.22 1 7
gopkg.aoctech.app/billing/api/internal/domain/billing/catalog.go:101.3,102.1 1 1
gopkg.aoctech.app/billing/api/internal/domain/billing/catalog.go:103.2,103.48 1 6
gopkg.aoctech.app/billing/api/internal/domain/billing/catalog.go:104.3,105.1 1 1
gopkg.aoctech.app/billing/api/internal/domain/billing/catalog.go:109.2,109.55 1 5
gopkg.aoctech.app/billing/api/internal/domain/billing/catalog.go:110.3,111.1 1 1
gopkg.aoctech.app/billing/api/internal/domain/billing/catalog.go:112.2,112.56 1 4
gopkg.aoctech.app/billing/api/internal/domain/billing/catalog.go:113.3,114.1 1 1
gopkg.aoctech.app/billing/api/internal/domain/billing/catalog.go:115.2,115.46 1 3
gopkg.aoctech.app/billing/api/internal/domain/billing/catalog.go:116.3,117.1 1 1
gopkg.aoctech.app/billing/api/internal/domain/billing/catalog.go:118.2,118.12 1 2
gopkg.aoctech.app/billing/api/internal/domain/billing/catalog.go:129.2,130.1 1 3
gopkg.aoctech.app/billing/api/internal/domain/billing/credential.go:42.2,42.48 1 0
gopkg.aoctech.app/billing/api/internal/domain/billing/credential.go:43.3,44.1 1 0
gopkg.aoctech.app/billing/api/internal/domain/billing/credential.go:45.2,45.15 1 0
gopkg.aoctech.app/billing/api/internal/domain/billing/credential.go:46.3,47.1 1 0
gopkg.aoctech.app/billing/api/internal/domain/billing/credential.go:48.2,48.12 1 0
gopkg.aoctech.app/billing/api/internal/domain/billing/creditnote.go:59.2,59.20 1 8
gopkg.aoctech.app/billing/api/internal/domain/billing/creditnote.go:60.3,61.1 1 2
gopkg.aoctech.app/billing/api/internal/domain/billing/creditnote.go:62.2,62.28 1 6
gopkg.aoctech.app/billing/api/internal/domain/billing/creditnote.go:63.3,64.1 1 1
gopkg.aoctech.app/billing/api/internal/domain/billing/creditnote.go:67.2,67.20 1 5
gopkg.aoctech.app/billing/api/internal/domain/billing/creditnote.go:68.54,68.54 0 3
gopkg.aoctech.app/billing/api/internal/domain/billing/creditnote.go:70.3,70.99 1 2
gopkg.aoctech.app/billing/api/internal/domain/billing/creditnote.go:72.2,72.25 1 3
gopkg.aoctech.app/billing/api/internal/domain/billing/creditnote.go:73.3,74.1 1 0
gopkg.aoctech.app/billing/api/internal/domain/billing/creditnote.go:75.2,75.43 1 3
gopkg.aoctech.app/billing/api/internal/domain/billing/creditnote.go:76.3,78.1 1 1
gopkg.aoctech.app/billing/api/internal/domain/billing/creditnote.go:79.2,79.47 1 2
gopkg.aoctech.app/billing/api/internal/domain/billing/creditnote.go:80.3,81.1 1 0
gopkg.aoctech.app/billing/api/internal/domain/billing/creditnote.go:82.2,82.12 1 2
gopkg.aoctech.app/billing/api/internal/domain/billing/creditnote.go:89.2,90.1 1 3
gopkg.aoctech.app/billing/api/internal/domain/billing/customer.go:94.2,95.1 1 0
gopkg.aoctech.app/billing/api/internal/domain/billing/customer.go:105.2,105.42 1 6
gopkg.aoctech.app/billing/api/internal/domain/billing/customer.go:106.3,106.27 1 53
gopkg.aoctech.app/billing/api/internal/domain/billing/customer.go:107.4,108.1 1 50
gopkg.aoctech.app/billing/api/internal/domain/billing/customer.go:109.3,109.12 1 3
gopkg.aoctech.app/billing/api/internal/domain/billing/customer.go:111.2,112.28 2 6
gopkg.aoctech.app/billing/api/internal/domain/billing/customer.go:113.3,114.1 1 2
gopkg.aoctech.app/billing/api/internal/domain/billing/customer.go:115.2,115.82 1 4
gopkg.aoctech.app/billing/api/internal/domain/billing/customer.go:125.2,131.1 6 1
gopkg.aoctech.app/billing/api/internal/domain/billing/cycle.go:51.2,51.20 1 14
gopkg.aoctech.app/billing/api/internal/domain/billing/cycle.go:52.62,52.62 0 12
gopkg.aoctech.app/billing/api/internal/domain/billing/cycle.go:54.3,54.81 1 2
gopkg.aoctech.app/billing/api/internal/domain/billing/cycle.go:56.2,56.17 1 12
gopkg.aoctech.app/billing/api/internal/domain/billing/cycle.go:57.3,58.1 1 3
gopkg.aoctech.app/billing/api/internal/domain/billing/cycle.go:59.2,59.12 1 9
gopkg.aoctech.app/billing/api/internal/domain/billing/cycle.go:67.2,68.20 2 1102
gopkg.aoctech.app/billing/api/internal/domain/billing/cycle.go:70.3,70.31 1 120
gopkg.aoctech.app/billing/api/internal/domain/billing/cycle.go:72.3,72.35 1 120
gopkg.aoctech.app/billing/api/internal/domain/billing/cycle.go:74.3,74.33 1 742
gopkg.aoctech.app/billing/api/internal/domain/billing/cycle.go:76.3,76.32 1 120
gopkg.aoctech.app/billing/api/internal/domain/billing/cycle.go:78.3,78.74 1 0
gopkg.aoctech.app/billing/api/internal/domain/billing/cycle.go:100.2,101.1 1 551
gopkg.aoctech.app/billing/api/internal/domain/billing/cycle.go:104.30,104.65 1 5172
gopkg.aoctech.app/billing/api/internal/domain/billing/cycle.go:108.2,109.1 1 13
gopkg.aoctech.app/billing/api/internal/domain/billing/cycle.go:127.2,127.29 1 4
gopkg.aoctech.app/billing/api/internal/domain/billing/cycle.go:128.3,129.1 1 2
gopkg.aoctech.app/billing/api/internal/domain/billing/cycle.go:130.2,130.23 1 2
gopkg.aoctech.app/billing/api/internal/domain/billing/cycle.go:145.2,146.27 2 245
gopkg.aoctech.app/billing/api/internal/domain/billing/cycle.go:147.3,148.1 1 3
gopkg.aoctech.app/billing/api/internal/domain/billing/cycle.go:149.2,149.49 1 245
gopkg.aoctech.app/billing/api/internal/domain/billing/dunning.go:101.2,101.17 1 7
gopkg.aoctech.app/billing/api/internal/domain/billing/dunning.go:102.3,103.1 1 1
gopkg.aoctech.app/billing/api/internal/domain/billing/dunning.go:104.2,104.30 1 6
gopkg.aoctech.app/billing/api/internal/domain/billing/dunning.go:105.3,106.1 1 0
gopkg.aoctech.app/billing/api/internal/domain/billing/dunning.go:107.2,107.25 1 6
gopkg.aoctech.app/billing/api/internal/domain/billing/dunning.go:108.3,108.22 1 13
gopkg.aoctech.app/billing/api/internal/domain/billing/dunning.go:109.55,109.55 0 12
gopkg.aoctech.app/billing/api/internal/domain/billing/dunning.go:111.4,111.84 1 1
gopkg.aoctech.app/billing/api/internal/domain/billing/dunning.go:113.3,113.44 1 12
gopkg.aoctech.app/billing/api/internal/domain/billing/dunning.go:114.4,116.1 1 2
gopkg.aoctech.app/billing/api/internal/domain/billing/dunning.go:117.3,117.53 1 10
gopkg.aoctech.app/billing/api/internal/domain/billing/dunning.go:118.4,119.1 1 1
gopkg.aoctech.app/billing/api/internal/domain/billing/dunning.go:120.3,120.54 1 9
gopkg.aoctech.app/billing/api/internal/domain/billing/dunning.go:121.4,123.1 1 1
gopkg.aoctech.app/billing/api/internal/domain/billing/dunning.go:125.2,125.12 1 1
gopkg.aoctech.app/billing/api/internal/domain/billing/dunning.go:132.2,132.17 1 7
gopkg.aoctech.app/billing/api/internal/domain/billing/dunning.go:133.3,134.1 1 0
gopkg.aoctech.app/billing/api/internal/domain/billing/dunning.go:135.2,135.24 1 7
gopkg.aoctech.app/billing/api/internal/domain/billing/dunning.go:147.2,148.29 2 6
gopkg.aoctech.app/billing/api/internal/domain/billing/dunning.go:149.3,149.18 1 7
gopkg.aoctech.app/billing/api/internal/domain/billing/dunning.go:150.4,150.12 1 1
gopkg.aoctech.app/billing/api/internal/domain/billing/dunning.go:152.3,152.20 1 6
gopkg.aoctech.app/billing/api/internal/domain/billing/dunning.go:153.4,154.12 2 4
gopkg.aoctech.app/billing/api/internal/domain/billing/dunning.go:156.3,156.31 1 2
gopkg.aoctech.app/billing/api/internal/domain/billing/dunning.go:157.4,158.9 2 1
gopkg.aoctech.app/billing/api/internal/domain/billing/dunning.go:161.2,161.21 1 6
gopkg.aoctech.app/billing/api/internal/domain/billing/dunning.go:162.3,163.1 1 3
gopkg.aoctech.app/billing/api/internal/domain/billing/dunning.go:164.2,164.18 1 3
gopkg.aoctech.app/billing/api/internal/domain/billing/dunning.go:165.3,166.1 1 2
gopkg.aoctech.app/billing/api/internal/domain/billing/dunning.go:167.2,167.37 1 1
gopkg.aoctech.app/billing/api/internal/domain/billing/dunning.go:172.2,172.32 1 3
gopkg.aoctech.app/billing/api/internal/domain/billing/dunning.go:173.3,174.1 1 1
gopkg.aoctech.app/billing/api/internal/domain/billing/dunning.go:175.2,175.46 1 2
gopkg.aoctech.app/billing/api/internal/domain/billing/dunning.go:180.2,180.32 1 1
gopkg.aoctech.app/billing/api/internal/domain/billing/dunning.go:181.3,182.1 1 0
gopkg.aoctech.app/billing/api/internal/domain/billing/dunning.go:183.2,183.29 1 1
gopkg.aoctech.app/billing/api/internal/domain/billing/dunning.go:189.2,190.1 1 2
gopkg.aoctech.app/billing/api/internal/domain/billing/dunning.go:194.2,196.1 2 1
gopkg.aoctech.app/billing/api/internal/domain/billing/invoice.go:178.2,178.23 1 2
gopkg.aoctech.app/billing/api/internal/domain/billing/invoice.go:179.3,180.1 1 0
gopkg.aoctech.app/billing/api/internal/domain/billing/invoice.go:181.2,181.29 1 2
gopkg.aoctech.app/billing/api/internal/domain/billing/invoice.go:186.39,186.70 1 5
gopkg.aoctech.app/billing/api/internal/domain/billing/invoice.go:195.39,195.60 1 0
gopkg.aoctech.app/billing/api/internal/domain/billing/invoice.go:220.2,221.1 1 8
gopkg.aoctech.app/billing/api/internal/domain/billing/invoice.go:226.2,227.1 1 4
gopkg.aoctech.app/billing/api/internal/domain/billing/invoice.go:238.2,238.49 1 20
gopkg.aoctech.app/billing/api/internal/domain/billing/invoice.go:239.3,241.1 1 0
gopkg.aoctech.app/billing/api/internal/domain/billing/invoice.go:242.2,243.16 2 20
gopkg.aoctech.app/billing/api/internal/domain/billing/invoice.go:244.3,245.1 1 11
gopkg.aoctech.app/billing/api/internal/domain/billing/invoice.go:246.2,247.40 2 9
gopkg.aoctech.app/billing/api/internal/domain/billing/invoice.go:248.3,249.1 1 3
gopkg.aoctech.app/billing/api/internal/domain/billing/invoice.go:250.2,250.32 1 9
gopkg.aoctech.app/billing/api/internal/domain/billing/invoice_lines.go:42.2,49.1 1 1
gopkg.aoctech.app/billing/api/internal/domain/billing/invoice_lines.go:54.2,61.1 1 0
gopkg.aoctech.app/billing/api/internal/domain/billing/invoice_lines.go:72.2,77.1 1 1
gopkg.aoctech.app/billing/api/internal/domain/billing/invoice_lines.go:104.2,106.1 5 1
gopkg.aoctech.app/billing/api/internal/domain/billing/invoice_lines.go:107.2,115.1 5 1
gopkg.aoctech.app/billing/api/internal/domain/billing/invoice_lines.go:116.2,124.1 5 1
gopkg.aoctech.app/billing/api/internal/domain/billing/invoice_lines.go:125.2,126.1 5 1
gopkg.aoctech.app/billing/api/internal/domain/billing/invoice_lines.go:131.2,132.27 2 3
gopkg.aoctech.app/billing/api/internal/domain/billing/invoice_lines.go:133.3,134.1 1 4
gopkg.aoctech.app/billing/api/internal/domain/billing/invoice_lines.go:135.2,135.14 1 3
gopkg.aoctech.app/billing/api/internal/domain/billing/invoice_lines.go:146.2,146.21 1 4
gopkg.aoctech.app/billing/api/internal/domain/billing/invoice_lines.go:147.3,148.1 1 1
gopkg.aoctech.app/billing/api/internal/domain/billing/invoice_lines.go:149.2,149.18 1 3
gopkg.aoctech.app/billing/api/internal/domain/billing/invoice_lines.go:150.3,151.1 1 1
gopkg.aoctech.app/billing/api/internal/domain/billing/invoice_lines.go:152.2,154.15 3 2
gopkg.aoctech.app/billing/api/internal/domain/billing/invoice_lines.go:155.3,156.1 1 1
gopkg.aoctech.app/billing/api/internal/domain/billing/invoice_lines.go:157.2,160.12 4 1
gopkg.aoctech.app/billing/api/internal/domain/billing/invoice_lines.go:180.2,181.1 1 4
gopkg.aoctech.app/billing/api/internal/domain/billing/metadata.go:37.2,37.30 1 18
gopkg.aoctech.app/billing/api/internal/domain/billing/metadata.go:38.3,39.1 1 1
gopkg.aoctech.app/billing/api/internal/domain/billing/metadata.go:40.2,40.22 1 17
gopkg.aoctech.app/billing/api/internal/domain/billing/metadata.go:41.3,41.14 1 14
gopkg.aoctech.app/billing/api/internal/domain/billing/metadata.go:42.4,43.1 1 2
gopkg.aoctech.app/billing/api/internal/domain/billing/metadata.go:44.3,44.60 1 12
gopkg.aoctech.app/billing/api/internal/domain/billing/metadata.go:45.4,46.1 1 2
gopkg.aoctech.app/billing/api/internal/domain/billing/metadata.go:47.3,47.62 1 10
gopkg.aoctech.app/billing/api/internal/domain/billing/metadata.go:48.4,49.1 1 2
gopkg.aoctech.app/billing/api/internal/domain/billing/metadata.go:51.2,51.12 1 11
gopkg.aoctech.app/billing/api/internal/domain/billing/metadata.go:60.2,60.14 1 8
gopkg.aoctech.app/billing/api/internal/domain/billing/metadata.go:61.3,62.1 1 2
gopkg.aoctech.app/billing/api/internal/domain/billing/metadata.go:63.2,63.22 1 6
gopkg.aoctech.app/billing/api/internal/domain/billing/metadata.go:77.2,77.21 1 6
gopkg.aoctech.app/billing/api/internal/domain/billing/metadata.go:78.3,79.1 1 1
gopkg.aoctech.app/billing/api/internal/domain/billing/metadata.go:80.2,81.16 2 5
gopkg.aoctech.app/billing/api/internal/domain/billing/metadata.go:82.3,83.1 1 1
gopkg.aoctech.app/billing/api/internal/domain/billing/metadata.go:84.2,84.26 1 5
gopkg.aoctech.app/billing/api/internal/domain/billing/metadata.go:85.3,85.14 1 6
gopkg.aoctech.app/billing/api/internal/domain/billing/metadata.go:86.4,87.12 2 2
gopkg.aoctech.app/billing/api/internal/domain/billing/metadata.go:89.3,89.13 1 4
gopkg.aoctech.app/billing/api/internal/domain/billing/metadata.go:91.2,91.19 1 5
gopkg.aoctech.app/billing/api/internal/domain/billing/metadata.go:92.3,93.1 1 1
gopkg.aoctech.app/billing/api/internal/domain/billing/metadata.go:94.2,94.39 1 5
gopkg.aoctech.app/billing/api/internal/domain/billing/metadata.go:95.3,96.1 1 1
gopkg.aoctech.app/billing/api/internal/domain/billing/metadata.go:97.2,97.17 1 4
gopkg.aoctech.app/billing/api/internal/domain/billing/money.go:45.2,47.9 3 13
gopkg.aoctech.app/billing/api/internal/domain/billing/money.go:48.3,49.1 1 2
gopkg.aoctech.app/billing/api/internal/domain/billing/money.go:50.2,51.1 4 13
gopkg.aoctech.app/billing/api/internal/domain/billing/money.go:53.2,55.27 4 13
gopkg.aoctech.app/billing/api/internal/domain/billing/money.go:56.3,56.38 1 33
gopkg.aoctech.app/billing/api/internal/domain/billing/money.go:57.4,58.1 1 4
gopkg.aoctech.app/billing/api/internal/domain/billing/money.go:59.3,59.17 1 33
gopkg.aoctech.app/billing/api/internal/domain/billing/money.go:62.2,63.9 2 13
gopkg.aoctech.app/billing/api/internal/domain/billing/money.go:64.3,65.1 1 2
gopkg.aoctech.app/billing/api/internal/domain/billing/money.go:66.2,66.60 1 13
gopkg.aoctech.app/billing/api/internal/domain/billing/money.go:85.2,85.14 1 30558
gopkg.aoctech.app/billing/api/internal/domain/billing/money.go:86.3,86.47 1 1
gopkg.aoctech.app/billing/api/internal/domain/billing/money.go:88.2,92.14 5 30557
gopkg.aoctech.app/billing/api/internal/domain/billing/money.go:93.3,94.1 1 12873
gopkg.aoctech.app/billing/api/internal/domain/billing/money.go:95.2,95.17 1 17684
gopkg.aoctech.app/billing/api/internal/domain/billing/money.go:99.2,99.11 1 61114
gopkg.aoctech.app/billing/api/internal/domain/billing/money.go:100.3,101.1 1 12873
gopkg.aoctech.app/billing/api/internal/domain/billing/money.go:102.2,102.10 1 48241
gopkg.aoctech.app/billing/api/internal/domain/billing/organization.go:83.2,83.37 1 4
gopkg.aoctech.app/billing/api/internal/domain/billing/organization.go:84.3,85.1 1 1
gopkg.aoctech.app/billing/api/internal/domain/billing/organization.go:86.2,86.83 1 3
gopkg.aoctech.app/billing/api/internal/domain/billing/payment.go:103.2,104.1 1 2
gopkg.aoctech.app/billing/api/internal/domain/billing/payment.go:108.2,109.16 2 8
gopkg.aoctech.app/billing/api/internal/domain/billing/payment.go:110.3,111.1 1 3
gopkg.aoctech.app/billing/api/internal/domain/billing/payment.go:112.2,113.32 2 5
gopkg.aoctech.app/billing/api/internal/domain/billing/payment.go:196.2,197.1 1 0
gopkg.aoctech.app/billing/api/internal/domain/billing/payment.go:201.2,202.16 2 4
gopkg.aoctech.app/billing/api/internal/domain/billing/payment.go:203.3,204.1 1 4
gopkg.aoctech.app/billing/api/internal/domain/billing/payment.go:205.2,206.32 2 0
gopkg.aoctech.app/billing/api/internal/domain/billing/proration.go:28.2,29.16 2 4862
gopkg.aoctech.app/billing/api/internal/domain/billing/proration.go:30.3,31.1 1 0
gopkg.aoctech.app/billing/api/internal/domain/billing/proration.go:32.2,32.31 1 4862
gopkg.aoctech.app/billing/api/internal/domain/billing/proration.go:33.3,34.1 1 1
gopkg.aoctech.app/billing/api/internal/domain/billing/proration.go:35.2,35.26 1 4862
gopkg.aoctech.app/billing/api/internal/domain/billing/proration.go:36.3,37.1 1 2
gopkg.aoctech.app/billing/api/internal/domain/billing/proration.go:38.2,39.18 2 4862
gopkg.aoctech.app/billing/api/internal/domain/billing/proration.go:40.3,41.1 1 55
gopkg.aoctech.app/billing/api/internal/domain/billing/proration.go:42.2,42.22 1 4807
gopkg.aoctech.app/billing/api/internal/domain/billing/proration.go:43.3,44.1 1 3
gopkg.aoctech.app/billing/api/internal/domain/billing/proration.go:45.2,45.51 1 4804
gopkg.aoctech.app/billing/api/internal/domain/billing/proration.go:51.2,52.1 1 4852
gopkg.aoctech.app/billing/api/internal/domain/billing/proration.go:64.2,65.1 1 2584
gopkg.aoctech.app/billing/api/internal/domain/billing/proration.go:89.29,89.57 1 156
gopkg.aoctech.app/billing/api/internal/domain/billing/proration.go:96.2,96.29 1 159
gopkg.aoctech.app/billing/api/internal/domain/billing/proration.go:97.3,98.1 1 1
gopkg.aoctech.app/billing/api/internal/domain/billing/proration.go:99.2,99.26 1 159
gopkg.aoctech.app/billing/api/internal/domain/billing/proration.go:100.3,101.1 1 1
gopkg.aoctech.app/billing/api/internal/domain/billing/proration.go:102.2,103.19 2 159
gopkg.aoctech.app/billing/api/internal/domain/billing/proration.go:104.3,105.1 1 0
gopkg.aoctech.app/billing/api/internal/domain/billing/proration.go:106.2,111.1 1 159
gopkg.aoctech.app/billing/api/internal/domain/billing/statemachine.go:95.2,96.9 2 42
gopkg.aoctech.app/billing/api/internal/domain/billing/statemachine.go:97.3,98.1 1 21
gopkg.aoctech.app/billing/api/internal/domain/billing/statemachine.go:99.2,99.26 1 21
gopkg.aoctech.app/billing/api/internal/domain/billing/statemachine.go:100.3,100.61 1 22
gopkg.aoctech.app/billing/api/internal/domain/billing/statemachine.go:101.4,102.1 1 18
gopkg.aoctech.app/billing/api/internal/domain/billing/statemachine.go:104.2,104.82 1 3
gopkg.aoctech.app/billing/api/internal/domain/billing/subscription.go:172.2,173.1 1 4
gopkg.aoctech.app/billing/api/internal/domain/billing/subscription.go:177.2,178.1 1 2
gopkg.aoctech.app/billing/api/internal/domain/billing/subscription.go:190.2,190.18 1 7
gopkg.aoctech.app/billing/api/internal/domain/billing/subscription.go:192.3,192.14 1 3
gopkg.aoctech.app/billing/api/internal/domain/billing/subscription.go:194.3,194.15 1 4
gopkg.aoctech.app/billing/api/internal/domain/billing/subscription.go:205.2,206.16 2 10
gopkg.aoctech.app/billing/api/internal/domain/billing/subscription.go:207.3,208.1 1 6
gopkg.aoctech.app/billing/api/internal/domain/billing/subscription.go:209.2,210.39 2 4
gopkg.aoctech.app/billing/api/internal/domain/billing/subscription.go:211.3,212.1 1 1
gopkg.aoctech.app/billing/api/internal/domain/billing/subscription.go:213.2,213.32 1 4
gopkg.aoctech.app/billing/api/internal/domain/billing/subscription_item.go:47.2,47.21 1 0
gopkg.aoctech.app/billing/api/internal/domain/billing/subscription_item.go:48.3,49.1 1 0
gopkg.aoctech.app/billing/api/internal/domain/billing/subscription_item.go:50.2,50.20 1 0
gopkg.aoctech.app/billing/api/internal/domain/billing/subscription_item.go:51.3,52.1 1 0
gopkg.aoctech.app/billing/api/internal/domain/billing/subscription_item.go:53.2,53.12 1 0
gopkg.aoctech.app/billing/api/internal/domain/billing/usage.go:39.2,39.32 1 5
gopkg.aoctech.app/billing/api/internal/domain/billing/usage.go:40.3,41.1 1 1
gopkg.aoctech.app/billing/api/internal/domain/billing/usage.go:42.2,42.28 1 4
gopkg.aoctech.app/billing/api/internal/domain/billing/usage.go:43.3,44.1 1 1
gopkg.aoctech.app/billing/api/internal/domain/billing/usage.go:48.2,48.20 1 3
gopkg.aoctech.app/billing/api/internal/domain/billing/usage.go:49.3,50.1 1 1
gopkg.aoctech.app/billing/api/internal/domain/billing/usage.go:51.2,51.27 1 2
gopkg.aoctech.app/billing/api/internal/domain/billing/usage.go:52.3,53.1 1 1
gopkg.aoctech.app/billing/api/internal/domain/billing/usage.go:54.2,54.12 1 1
gopkg.aoctech.app/billing/api/internal/domain/billing/usage.go:58.43,58.80 1 11
gopkg.aoctech.app/billing/api/internal/domain/billing/usage.go:72.2,73.28 2 4
gopkg.aoctech.app/billing/api/internal/domain/billing/usage.go:74.3,74.32 1 10
gopkg.aoctech.app/billing/api/internal/domain/billing/usage.go:75.4,76.1 1 7
gopkg.aoctech.app/billing/api/internal/domain/billing/usage.go:78.2,78.14 1 4
gopkg.aoctech.app/billing/api/internal/domain/billing/usage.go:88.2,90.28 3 1
gopkg.aoctech.app/billing/api/internal/domain/billing/usage.go:91.3,91.44 1 3
gopkg.aoctech.app/billing/api/internal/domain/billing/usage.go:92.4,92.12 1 1
gopkg.aoctech.app/billing/api/internal/domain/billing/usage.go:94.3,95.23 2 2
gopkg.aoctech.app/billing/api/internal/domain/billing/usage.go:97.2,97.12 1 1
gopkg.aoctech.app/billing/api/internal/domain/billing/webhook.go:86.2,86.42 1 0
gopkg.aoctech.app/billing/api/internal/domain/billing/webhook.go:87.3,88.1 1 0
gopkg.aoctech.app/billing/api/internal/domain/billing/webhook.go:89.2,90.37 2 0
gopkg.aoctech.app/billing/api/internal/domain/billing/webhook.go:91.3,92.1 1 0
gopkg.aoctech.app/billing/api/internal/domain/billing/webhook.go:93.2,93.30 1 0
gopkg.aoctech.app/billing/api/internal/domain/billing/webhook.go:94.3,95.1 1 0
gopkg.aoctech.app/billing/api/internal/domain/billing/webhook.go:98.2,98.24 1 0
gopkg.aoctech.app/billing/api/internal/domain/billing/webhook.go:99.3,100.1 1 0
gopkg.aoctech.app/billing/api/internal/domain/billing/webhook.go:101.2,101.29 1 0
gopkg.aoctech.app/billing/api/internal/domain/billing/webhook.go:102.3,102.40 1 0
gopkg.aoctech.app/billing/api/internal/domain/billing/webhook.go:103.4,104.1 1 0
gopkg.aoctech.app/billing/api/internal/domain/billing/webhook.go:106.2,106.18 1 0
gopkg.aoctech.app/billing/api/internal/domain/billing/webhook.go:107.44,107.44 0 0
gopkg.aoctech.app/billing/api/internal/domain/billing/webhook.go:109.3,109.75 1 0
gopkg.aoctech.app/billing/api/internal/domain/billing/webhook.go:111.2,111.12 1 0
gopkg.aoctech.app/billing/api/internal/domain/billing/webhook.go:121.2,121.32 1 0
gopkg.aoctech.app/billing/api/internal/domain/billing/webhook.go:122.3,123.1 1 0
gopkg.aoctech.app/billing/api/internal/domain/billing/webhook.go:124.2,124.51 1 0
gopkg.aoctech.app/billing/api/internal/domain/billing/webhook.go:125.3,126.1 1 0
gopkg.aoctech.app/billing/api/internal/domain/billing/webhook.go:127.2,127.62 1 0
gopkg.aoctech.app/billing/api/internal/domain/billing/webhook.go:128.3,129.1 1 0
gopkg.aoctech.app/billing/api/internal/domain/billing/webhook.go:130.2,130.13 1 0
gopkg.aoctech.app/billing/api/internal/domain/billing/webhook.go:192.2,196.1 4 0
gopkg.aoctech.app/billing/api/internal/domain/billing/webhook.go:250.2,254.17 2 0
gopkg.aoctech.app/billing/api/internal/domain/billing/webhook.go:255.3,256.1 1 0
gopkg.aoctech.app/billing/api/internal/domain/billing/webhook.go:257.2,258.21 2 0
gopkg.aoctech.app/billing/api/internal/domain/brcal/date.go:27.2,28.16 2 1
gopkg.aoctech.app/billing/api/internal/domain/brcal/date.go:29.3,29.68 1 0
gopkg.aoctech.app/billing/api/internal/domain/brcal/date.go:31.2,31.12 1 1
gopkg.aoctech.app/billing/api/internal/domain/brcal/date.go:52.2,53.1 1 119
gopkg.aoctech.app/billing/api/internal/domain/brcal/date.go:59.2,61.1 2 3421
gopkg.aoctech.app/billing/api/internal/domain/brcal/date.go:64.21,64.50 1 0
gopkg.aoctech.app/billing/api/internal/domain/brcal/date.go:68.2,69.16 2 5
gopkg.aoctech.app/billing/api/internal/domain/brcal/date.go:70.3,71.1 1 2
gopkg.aoctech.app/billing/api/internal/domain/brcal/date.go:72.2,72.25 1 3
gopkg.aoctech.app/billing/api/internal/domain/brcal/date.go:78.2,79.1 1 9104
gopkg.aoctech.app/billing/api/internal/domain/brcal/date.go:83.2,84.1 1 4
gopkg.aoctech.app/billing/api/internal/domain/brcal/date.go:87.31,87.51 1 4
gopkg.aoctech.app/billing/api/internal/domain/brcal/date.go:90.40,90.67 1 5806
gopkg.aoctech.app/billing/api/internal/domain/brcal/date.go:93.37,93.81 1 3298
gopkg.aoctech.app/billing/api/internal/domain/brcal/date.go:104.2,105.1 4 20
gopkg.aoctech.app/billing/api/internal/domain/brcal/date.go:106.2,108.12 4 20
gopkg.aoctech.app/billing/api/internal/domain/brcal/date.go:109.3,111.1 2 4
gopkg.aoctech.app/billing/api/internal/domain/brcal/date.go:112.2,113.55 2 20
gopkg.aoctech.app/billing/api/internal/domain/brcal/date.go:114.3,115.1 1 9
gopkg.aoctech.app/billing/api/internal/domain/brcal/date.go:116.2,116.54 1 20
gopkg.aoctech.app/billing/api/internal/domain/brcal/date.go:121.38,121.66 1 1
gopkg.aoctech.app/billing/api/internal/domain/brcal/date.go:125.2,126.1 1 26
gopkg.aoctech.app/billing/api/internal/domain/brcal/date.go:129.37,129.62 1 2197
gopkg.aoctech.app/billing/api/internal/domain/brcal/date.go:132.36,132.61 1 1
gopkg.aoctech.app/billing/api/internal/domain/brcal/date.go:136.2,136.9 1 2201
gopkg.aoctech.app/billing/api/internal/domain/brcal/date.go:138.3,138.31 1 2
gopkg.aoctech.app/billing/api/internal/domain/brcal/date.go:140.3,140.43 1 37
gopkg.aoctech.app/billing/api/internal/domain/brcal/date.go:142.3,142.29 1 2162
gopkg.aoctech.app/billing/api/internal/domain/brcal/date.go:147.2,147.9 1 2201
gopkg.aoctech.app/billing/api/internal/domain/brcal/date.go:149.3,149.12 1 2
gopkg.aoctech.app/billing/api/internal/domain/brcal/date.go:151.3,151.11 1 693
gopkg.aoctech.app/billing/api/internal/domain/brcal/date.go:153.2,153.10 1 1506
gopkg.aoctech.app/billing/api/internal/domain/brcal/date.go:164.2,168.1 4 4480
gopkg.aoctech.app/billing/api/internal/domain/brcal/date.go:172.47,172.79 1 1
gopkg.aoctech.app/billing/api/internal/domain/brcal/date.go:176.2,177.16 2 1
gopkg.aoctech.app/billing/api/internal/domain/brcal/date.go:178.3,179.1 1 0
gopkg.aoctech.app/billing/api/internal/domain/brcal/date.go:180.2,181.12 2 1
gopkg.aoctech.app/billing/api/internal/domain/brcal/dynamo.go:30.2,30.16 1 3
gopkg.aoctech.app/billing/api/internal/domain/brcal/dynamo.go:33.3,34.1 1 1
gopkg.aoctech.app/billing/api/internal/domain/brcal/dynamo.go:35.2,35.61 1 2
gopkg.aoctech.app/billing/api/internal/domain/brcal/dynamo.go:40.2,40.24 1 3
gopkg.aoctech.app/billing/api/internal/domain/brcal/dynamo.go:42.3,43.13 2 1
gopkg.aoctech.app/billing/api/internal/domain/brcal/dynamo.go:45.3,45.20 1 2
gopkg.aoctech.app/billing/api/internal/domain/brcal/dynamo.go:46.4,48.1 2 0
gopkg.aoctech.app/billing/api/internal/domain/brcal/dynamo.go:49.3,50.17 2 2
gopkg.aoctech.app/billing/api/internal/domain/brcal/dynamo.go:51.4,52.1 1 1
gopkg.aoctech.app/billing/api/internal/domain/brcal/dynamo.go:53.3,54.13 2 1
gopkg.aoctech.app/billing/api/internal/domain/brcal/dynamo.go:56.3,57.13 2 0
gopkg.aoctech.app/billing/api/internal/domain/brcal/holidays.go:59.2,74.1 15 4791
gopkg.aoctech.app/billing/api/internal/domain/brcal/holidays.go:79.2,79.61 1 4546
gopkg.aoctech.app/billing/api/internal/domain/brcal/holidays.go:80.3,81.1 1 63
gopkg.aoctech.app/billing/api/internal/domain/brcal/holidays.go:82.2,82.84 1 4483
gopkg.aoctech.app/billing/api/internal/domain/brcal/holidays.go:83.3,84.1 1 9
gopkg.aoctech.app/billing/api/internal/domain/brcal/holidays.go:85.2,86.31 2 4474
gopkg.aoctech.app/billing/api/internal/domain/brcal/holidays.go:88.3,88.24 1 47
gopkg.aoctech.app/billing/api/internal/domain/brcal/holidays.go:90.3,90.31 1 9
gopkg.aoctech.app/billing/api/internal/domain/brcal/holidays.go:92.3,92.29 1 9
gopkg.aoctech.app/billing/api/internal/domain/brcal/holidays.go:94.2,94.18 1 4409
gopkg.aoctech.app/billing/api/internal/domain/brcal/holidays.go:99.2,101.1 2 4526
gopkg.aoctech.app/billing/api/internal/domain/brcal/holidays.go:105.2,107.1 2 5505
gopkg.aoctech.app/billing/api/internal/domain/brcal/holidays.go:110.35,110.74 1 5505
gopkg.aoctech.app/billing/api/internal/domain/brcal/holidays.go:122.2,122.15 1 2207
gopkg.aoctech.app/billing/api/internal/domain/brcal/holidays.go:123.3,123.23 1 3309
gopkg.aoctech.app/billing/api/internal/domain/brcal/holidays.go:124.4,125.1 1 2207
gopkg.aoctech.app/billing/api/internal/domain/brcal/holidays.go:126.3,126.19 1 1102
gopkg.aoctech.app/billing/api/internal/domain/brcal/holidays.go:128.2,128.88 1 0
gopkg.aoctech.app/billing/api/cmd/reconcile/main.go:50.2,51.1 5 0
gopkg.aoctech.app/billing/api/cmd/reconcile/main.go:52.2,54.1 5 0
gopkg.aoctech.app/billing/api/cmd/reconcile/main.go:55.2,56.16 5 0
gopkg.aoctech.app/billing/api/cmd/reconcile/main.go:57.3,59.1 2 0
gopkg.aoctech.app/billing/api/cmd/reconcile/main.go:61.2,64.16 4 0
gopkg.aoctech.app/billing/api/cmd/reconcile/main.go:65.3,66.1 1 0
gopkg.aoctech.app/billing/api/cmd/reconcile/main.go:68.2,69.21 2 0
gopkg.aoctech.app/billing/api/cmd/reconcile/main.go:70.3,71.22 2 0
gopkg.aoctech.app/billing/api/cmd/reconcile/main.go:72.4,74.1 2 0
gopkg.aoctech.app/billing/api/cmd/reconcile/main.go:75.3,75.31 1 0
gopkg.aoctech.app/billing/api/cmd/reconcile/main.go:78.2,82.29 5 0
gopkg.aoctech.app/billing/api/cmd/reconcile/main.go:88.3,89.26 2 0
gopkg.aoctech.app/billing/api/cmd/reconcile/main.go:90.4,92.1 2 0
gopkg.aoctech.app/billing/api/cmd/reconcile/main.go:93.3,94.40 2 0
gopkg.aoctech.app/billing/api/cmd/reconcile/main.go:103.2,103.19 1 0
gopkg.aoctech.app/billing/api/cmd/reconcile/main.go:104.3,107.1 1 0
gopkg.aoctech.app/billing/api/cmd/reconcile/main.go:109.2,109.12 1 0
gopkg.aoctech.app/billing/api/cmd/reconcile/main.go:110.3,113.1 1 0
gopkg.aoctech.app/billing/api/cmd/reconcile/main.go:118.2,119.37 2 0
gopkg.aoctech.app/billing/api/cmd/reconcile/main.go:120.3,121.1 1 0
gopkg.aoctech.app/billing/api/cmd/reconcile/main.go:122.2,122.12 1 0
gopkg.aoctech.app/billing/api/cmd/reconcile/main.go:126.2,127.14 2 0
gopkg.aoctech.app/billing/api/cmd/reconcile/main.go:128.3,129.1 1 0
gopkg.aoctech.app/billing/api/cmd/reconcile/main.go:130.2,132.1 4 0
gopkg.aoctech.app/billing/api/cmd/reconcile/main.go:133.2,134.25 4 0
gopkg.aoctech.app/billing/api/cmd/reconcile/main.go:135.3,136.1 1 0
gopkg.aoctech.app/billing/api/cmd/reconcile/main.go:139.2,139.31 1 0
gopkg.aoctech.app/billing/api/cmd/reconcile/main.go:140.3,141.1 1 0
gopkg.aoctech.app/billing/api/cmd/reconcile/main.go:142.2,154.12 2 0
gopkg.aoctech.app/billing/api/internal/invoicepdf/render.go:66.2,66.23 1 8
gopkg.aoctech.app/billing/api/internal/invoicepdf/render.go:67.3,68.1 1 1
gopkg.aoctech.app/billing/api/internal/invoicepdf/render.go:69.2,69.28 1 7
gopkg.aoctech.app/billing/api/internal/invoicepdf/render.go:72.3,73.1 1 1
gopkg.aoctech.app/billing/api/internal/invoicepdf/render.go:75.2,77.47 3 6
gopkg.aoctech.app/billing/api/internal/invoicepdf/render.go:78.3,79.1 1 0
gopkg.aoctech.app/billing/api/internal/invoicepdf/render.go:81.2,84.56 4 6
gopkg.aoctech.app/billing/api/internal/invoicepdf/render.go:85.3,86.1 1 0
gopkg.aoctech.app/billing/api/internal/invoicepdf/render.go:88.2,89.45 2 6
gopkg.aoctech.app/billing/api/internal/invoicepdf/render.go:90.3,91.1 1 0
gopkg.aoctech.app/billing/api/internal/invoicepdf/render.go:92.2,92.25 1 6
gopkg.aoctech.app/billing/api/internal/invoicepdf/render.go:121.2,132.1 3 6
gopkg.aoctech.app/billing/api/internal/invoicepdf/render.go:133.2,133.32 3 6
gopkg.aoctech.app/billing/api/internal/invoicepdf/render.go:134.3,142.1 1 12
gopkg.aoctech.app/billing/api/internal/invoicepdf/render.go:143.2,143.12 1 6
gopkg.aoctech.app/billing/api/internal/invoicepdf/render.go:152.2,152.16 1 6
gopkg.aoctech.app/billing/api/internal/invoicepdf/render.go:153.3,154.1 1 0
gopkg.aoctech.app/billing/api/internal/invoicepdf/render.go:155.2,155.77 1 6
gopkg.aoctech.app/billing/api/internal/invoicepdf/render.go:159.2,159.36 1 18
gopkg.aoctech.app/billing/api/internal/invoicepdf/render.go:160.3,161.1 1 0
gopkg.aoctech.app/billing/api/internal/invoicepdf/render.go:162.2,163.78 1 18
gopkg.aoctech.app/billing/api/internal/invoicepdf/store.go:44.2,44.18 1 0
gopkg.aoctech.app/billing/api/internal/invoicepdf/store.go:45.3,46.1 1 0
gopkg.aoctech.app/billing/api/internal/invoicepdf/store.go:47.2,48.16 2 0
gopkg.aoctech.app/billing/api/internal/invoicepdf/store.go:49.3,50.1 1 0
gopkg.aoctech.app/billing/api/internal/invoicepdf/store.go:51.2,52.86 2 0
gopkg.aoctech.app/billing/api/internal/invoicepdf/store.go:56.34,56.69 1 0
gopkg.aoctech.app/billing/api/internal/invoicepdf/store.go:64.2,65.14 2 3
gopkg.aoctech.app/billing/api/internal/invoicepdf/store.go:66.3,67.1 1 2
gopkg.aoctech.app/billing/api/internal/invoicepdf/store.go:68.2,68.78 1 3
gopkg.aoctech.app/billing/api/internal/invoicepdf/store.go:77.2,77.18 1 0
gopkg.aoctech.app/billing/api/internal/invoicepdf/store.go:78.3,79.1 1 0
gopkg.aoctech.app/billing/api/internal/invoicepdf/store.go:80.2,87.45 2 0
gopkg.aoctech.app/billing/api/internal/invoicepdf/store.go:89.3,90.1 1 0
gopkg.aoctech.app/billing/api/internal/invoicepdf/store.go:91.2,91.12 1 0
gopkg.aoctech.app/billing/api/internal/invoicepdf/store.go:96.2,96.18 1 0
gopkg.aoctech.app/billing/api/internal/invoicepdf/store.go:97.3,98.1 1 0
gopkg.aoctech.app/billing/api/internal/invoicepdf/store.go:99.2,103.16 2 0
gopkg.aoctech.app/billing/api/internal/invoicepdf/store.go:104.3,105.1 1 0
gopkg.aoctech.app/billing/api/internal/invoicepdf/store.go:106.2,107.30 2 0
gopkg.aoctech.app/billing/api/internal/invoicepdf/store.go:108.3,109.1 1 0
gopkg.aoctech.app/billing/api/internal/invoicepdf/store.go:110.2,110.19 1 0
gopkg.aoctech.app/billing/api/internal/invoicepdf/store.go:128.2,128.18 1 0
gopkg.aoctech.app/billing/api/internal/invoicepdf/store.go:129.3,130.1 1 0
gopkg.aoctech.app/billing/api/internal/invoicepdf/store.go:131.2,137.16 2 0
gopkg.aoctech.app/billing/api/internal/invoicepdf/store.go:138.3,139.1 1 0
gopkg.aoctech.app/billing/api/internal/invoicepdf/store.go:140.2,140.21 1 0
gopkg.aoctech.app/billing/api/internal/invoicepdf/store.go:146.2,147.26 2 0
gopkg.aoctech.app/billing/api/internal/invoicepdf/store.go:148.3,149.1 1 0
gopkg.aoctech.app/billing/api/internal/invoicepdf/store.go:150.2,150.14 1 0
gopkg.aoctech.app/billing/api/internal/oauthresource/resource.go:40.2,41.57 2 3
gopkg.aoctech.app/billing/api/internal/oauthresource/resource.go:42.3,43.1 1 0
gopkg.aoctech.app/billing/api/internal/oauthresource/resource.go:44.2,44.15 1 3
gopkg.aoctech.app/billing/api/internal/oauthresource/resource.go:48.31,48.76 1 0
gopkg.aoctech.app/billing/api/internal/oauthresource/resource.go:52.2,53.16 2 1
gopkg.aoctech.app/billing/api/internal/oauthresource/resource.go:54.3,55.1 1 0
gopkg.aoctech.app/billing/api/internal/oauthresource/resource.go:56.2,57.33 2 1
gopkg.aoctech.app/billing/api/internal/oauthresource/resource.go:58.3,58.63 1 15
gopkg.aoctech.app/billing/api/internal/oauthresource/resource.go:59.4,60.1 1 15
gopkg.aoctech.app/billing/api/internal/oauthresource/resource.go:62.2,63.20 2 1
gopkg.aoctech.app/billing/api/internal/oauthresource/resource.go:72.2,72.75 1 1
gopkg.aoctech.app/billing/api/internal/oauthresource/resource.go:73.3,74.17 2 1
gopkg.aoctech.app/billing/api/internal/oauthresource/resource.go:75.4,76.1 1 0
gopkg.aoctech.app/billing/api/internal/oauthresource/resource.go:77.3,81.5 1 1
gopkg.aoctech.app/billing/api/internal/provision/apply.go:39.45,39.89 1 0
gopkg.aoctech.app/billing/api/internal/provision/apply.go:40.45,40.89 1 0
gopkg.aoctech.app/billing/api/internal/provision/apply.go:55.2,55.40 1 0
gopkg.aoctech.app/billing/api/internal/provision/apply.go:56.3,57.1 1 0
gopkg.aoctech.app/billing/api/internal/provision/apply.go:58.2,60.1 3 0
gopkg.aoctech.app/billing/api/internal/provision/apply.go:64.2,64.73 3 0
gopkg.aoctech.app/billing/api/internal/provision/apply.go:70.3,70.102 1 0
gopkg.aoctech.app/billing/api/internal/provision/apply.go:71.4,74.1 1 0
gopkg.aoctech.app/billing/api/internal/provision/apply.go:75.3,75.37 1 0
gopkg.aoctech.app/billing/api/internal/provision/apply.go:77.3,83.1 2 0
gopkg.aoctech.app/billing/api/internal/provision/apply.go:84.3,84.67 2 0
gopkg.aoctech.app/billing/api/internal/provision/apply.go:85.4,86.1 1 0
gopkg.aoctech.app/billing/api/internal/provision/apply.go:87.3,87.37 1 0
gopkg.aoctech.app/billing/api/internal/provision/apply.go:89.3,89.68 1 0
gopkg.aoctech.app/billing/api/internal/provision/apply.go:92.2,92.37 1 0
gopkg.aoctech.app/billing/api/internal/provision/apply.go:97.3,97.71 1 0
gopkg.aoctech.app/billing/api/internal/provision/apply.go:99.4,99.40 1 0
gopkg.aoctech.app/billing/api/internal/provision/apply.go:100.5,103.1 1 0
gopkg.aoctech.app/billing/api/internal/provision/apply.go:104.4,105.12 2 0
gopkg.aoctech.app/billing/api/internal/provision/apply.go:110.4,110.53 1 0
gopkg.aoctech.app/billing/api/internal/provision/apply.go:111.5,112.13 2 0
gopkg.aoctech.app/billing/api/internal/provision/apply.go:114.4,114.74 1 0
gopkg.aoctech.app/billing/api/internal/provision/apply.go:117.3,123.1 2 0
gopkg.aoctech.app/billing/api/internal/provision/apply.go:124.3,124.66 2 0
gopkg.aoctech.app/billing/api/internal/provision/apply.go:125.4,126.1 1 0
gopkg.aoctech.app/billing/api/internal/provision/apply.go:127.3,127.40 1 0
gopkg.aoctech.app/billing/api/internal/provision/apply.go:130.2,130.34 1 0
gopkg.aoctech.app/billing/api/internal/provision/apply.go:131.3,131.74 1 0
gopkg.aoctech.app/billing/api/internal/provision/apply.go:133.4,134.12 2 0
gopkg.aoctech.app/billing/api/internal/provision/apply.go:136.4,136.63 1 0
gopkg.aoctech.app/billing/api/internal/provision/apply.go:138.3,138.110 1 0
gopkg.aoctech.app/billing/api/internal/provision/apply.go:139.4,140.1 1 0
gopkg.aoctech.app/billing/api/internal/provision/apply.go:141.3,141.31 1 0
gopkg.aoctech.app/billing/api/internal/provision/apply.go:144.2,144.32 1 0
gopkg.aoctech.app/billing/api/internal/provision/apply.go:145.3,145.72 1 0
gopkg.aoctech.app/billing/api/internal/provision/apply.go:147.4,148.12 2 0
gopkg.aoctech.app/billing/api/internal/provision/apply.go:150.4,150.61 1 0
gopkg.aoctech.app/billing/api/internal/provision/apply.go:152.3,152.108 1 0
gopkg.aoctech.app/billing/api/internal/provision/apply.go:153.4,154.1 1 0
gopkg.aoctech.app/billing/api/internal/provision/apply.go:155.3,155.29 1 0
gopkg.aoctech.app/billing/api/internal/provision/apply.go:158.2,158.35 1 0
gopkg.aoctech.app/billing/api/internal/provision/apply.go:159.3,159.76 1 0
gopkg.aoctech.app/billing/api/internal/provision/apply.go:161.4,162.12 2 0
gopkg.aoctech.app/billing/api/internal/provision/apply.go:164.4,164.72 1 0
gopkg.aoctech.app/billing/api/internal/provision/apply.go:170.3,171.19 2 0
gopkg.aoctech.app/billing/api/internal/provision/apply.go:172.4,173.1 1 0
gopkg.aoctech.app/billing/api/internal/provision/apply.go:174.3,174.100 1 0
gopkg.aoctech.app/billing/api/internal/provision/apply.go:175.4,176.1 1 0
gopkg.aoctech.app/billing/api/internal/provision/apply.go:177.3,177.40 1 0
gopkg.aoctech.app/billing/api/internal/provision/apply.go:180.2,180.17 1 0
gopkg.aoctech.app/billing/api/internal/provision/plan.go:117.2,119.1 4 7
gopkg.aoctech.app/billing/api/internal/provision/plan.go:120.2,121.39 4 7
gopkg.aoctech.app/billing/api/internal/provision/plan.go:122.3,123.1 1 1
gopkg.aoctech.app/billing/api/internal/provision/plan.go:124.2,124.37 1 6
gopkg.aoctech.app/billing/api/internal/provision/plan.go:125.3,126.1 1 5
gopkg.aoctech.app/billing/api/internal/provision/plan.go:127.2,127.16 1 1
gopkg.aoctech.app/billing/api/internal/provision/plan.go:136.2,136.48 1 6
gopkg.aoctech.app/billing/api/internal/provision/plan.go:137.3,138.1 1 1
gopkg.aoctech.app/billing/api/internal/provision/plan.go:139.2,139.57 1 5
gopkg.aoctech.app/billing/api/internal/provision/plan.go:140.3,141.1 1 0
gopkg.aoctech.app/billing/api/internal/provision/plan.go:142.2,142.37 1 5
gopkg.aoctech.app/billing/api/internal/provision/plan.go:143.92,143.92 0 4
gopkg.aoctech.app/billing/api/internal/provision/plan.go:145.3,145.104 1 1
gopkg.aoctech.app/billing/api/internal/provision/plan.go:148.2,149.39 2 4
gopkg.aoctech.app/billing/api/internal/provision/plan.go:150.3,150.34 1 7
gopkg.aoctech.app/billing/api/internal/provision/plan.go:151.4,152.1 1 0
gopkg.aoctech.app/billing/api/internal/provision/plan.go:153.3,153.33 1 7
gopkg.aoctech.app/billing/api/internal/provision/plan.go:154.4,155.1 1 1
gopkg.aoctech.app/billing/api/internal/provision/plan.go:156.3,157.13 2 6
gopkg.aoctech.app/billing/api/internal/provision/plan.go:160.2,160.34 1 4
gopkg.aoctech.app/billing/api/internal/provision/plan.go:161.3,161.57 1 0
gopkg.aoctech.app/billing/api/internal/provision/plan.go:162.4,163.1 1 0
gopkg.aoctech.app/billing/api/internal/provision/plan.go:166.2,167.34 2 4
gopkg.aoctech.app/billing/api/internal/provision/plan.go:168.3,168.51 1 4
gopkg.aoctech.app/billing/api/internal/provision/plan.go:169.4,170.1 1 1
gopkg.aoctech.app/billing/api/internal/provision/plan.go:171.3,171.41 1 3
gopkg.aoctech.app/billing/api/internal/provision/plan.go:172.4,173.1 1 0
gopkg.aoctech.app/billing/api/internal/provision/plan.go:174.3,174.50 1 3
gopkg.aoctech.app/billing/api/internal/provision/plan.go:175.4,176.1 1 0
gopkg.aoctech.app/billing/api/internal/provision/plan.go:177.3,177.27 1 3
gopkg.aoctech.app/billing/api/internal/provision/plan.go:180.2,180.32 1 3
gopkg.aoctech.app/billing/api/internal/provision/plan.go:181.3,181.57 1 0
gopkg.aoctech.app/billing/api/internal/provision/plan.go:182.4,183.1 1 0
gopkg.aoctech.app/billing/api/internal/provision/plan.go:184.3,184.43 1 0
gopkg.aoctech.app/billing/api/internal/provision/plan.go:185.4,186.1 1 0
gopkg.aoctech.app/billing/api/internal/provision/plan.go:191.3,191.91 1 0
gopkg.aoctech.app/billing/api/internal/provision/plan.go:192.4,193.1 1 0
gopkg.aoctech.app/billing/api/internal/provision/plan.go:196.2,196.30 1 3
gopkg.aoctech.app/billing/api/internal/provision/plan.go:197.3,197.47 1 3
gopkg.aoctech.app/billing/api/internal/provision/plan.go:198.4,199.1 1 0
gopkg.aoctech.app/billing/api/internal/provision/plan.go:203.3,203.30 1 3
gopkg.aoctech.app/billing/api/internal/provision/plan.go:204.4,205.1 1 1
gopkg.aoctech.app/billing/api/internal/provision/plan.go:209.3,209.67 1 2
gopkg.aoctech.app/billing/api/internal/provision/plan.go:210.4,211.1 1 1
gopkg.aoctech.app/billing/api/internal/provision/plan.go:213.2,213.12 1 1
gopkg.aoctech.app/billing/api/internal/provision/plan.go:218.2,219.20 2 3
gopkg.aoctech.app/billing/api/internal/provision/plan.go:220.3,221.1 1 3
gopkg.aoctech.app/billing/api/internal/provision/plan.go:222.2,233.1 1 3
gopkg.aoctech.app/billing/api/internal/provision/plan.go:240.2,241.21 2 1
gopkg.aoctech.app/billing/api/internal/provision/plan.go:242.3,243.1 1 0
gopkg.aoctech.app/billing/api/internal/provision/plan.go:244.2,252.1 1 1
gopkg.aoctech.app/billing/api/internal/provision/plan.go:256.2,265.1 1 0
gopkg.aoctech.app/billing/api/internal/repositories/audit.go:25.2,26.1 1 0
gopkg.aoctech.app/billing/api/internal/repositories/audit.go:36.2,38.39 1 0
gopkg.aoctech.app/billing/api/internal/repositories/audit.go:38.41,38.62 1 0
gopkg.aoctech.app/billing/api/internal/repositories/audit.go:54.2,62.16 2 0
gopkg.aoctech.app/billing/api/internal/repositories/audit.go:63.3,64.1 1 0
gopkg.aoctech.app/billing/api/internal/repositories/audit.go:65.2,66.16 2 0
gopkg.aoctech.app/billing/api/internal/repositories/audit.go:67.3,68.1 1 0
gopkg.aoctech.app/billing/api/internal/repositories/audit.go:69.2,70.27 2 0
gopkg.aoctech.app/billing/api/internal/repositories/audit.go:71.3,72.1 1 0
gopkg.aoctech.app/billing/api/internal/repositories/audit.go:73.2,73.17 1 0
gopkg.aoctech.app/billing/api/internal/repositories/base.go:45.76,45.90 1 0
gopkg.aoctech.app/billing/api/internal/repositories/base.go:55.2,56.1 1 1
gopkg.aoctech.app/billing/api/internal/repositories/base.go:60.2,61.1 1 0
gopkg.aoctech.app/billing/api/internal/repositories/base.go:71.2,72.1 1 0
gopkg.aoctech.app/billing/api/internal/repositories/base.go:76.2,77.1 1 0
gopkg.aoctech.app/billing/api/internal/repositories/base.go:83.2,84.29 2 0
gopkg.aoctech.app/billing/api/internal/repositories/base.go:85.3,86.17 2 0
gopkg.aoctech.app/billing/api/internal/repositories/base.go:87.4,88.1 1 0
gopkg.aoctech.app/billing/api/internal/repositories/base.go:89.3,89.30 1 0
gopkg.aoctech.app/billing/api/internal/repositories/base.go:91.2,91.17 1 0
gopkg.aoctech.app/billing/api/internal/repositories/base.go:101.2,101.19 1 3
gopkg.aoctech.app/billing/api/internal/repositories/base.go:102.3,103.1 1 1
gopkg.aoctech.app/billing/api/internal/repositories/base.go:104.2,105.24 2 2
gopkg.aoctech.app/billing/api/internal/repositories/base.go:106.3,107.10 2 6
gopkg.aoctech.app/billing/api/internal/repositories/base.go:111.4,112.1 1 1
gopkg.aoctech.app/billing/api/internal/repositories/base.go:113.3,113.21 1 5
gopkg.aoctech.app/billing/api/internal/repositories/base.go:115.2,116.16 2 1
gopkg.aoctech.app/billing/api/internal/repositories/base.go:117.3,118.1 1 0
gopkg.aoctech.app/billing/api/internal/repositories/base.go:119.2,119.50 1 1
gopkg.aoctech.app/billing/api/internal/repositories/base.go:125.2,125.18 1 4
gopkg.aoctech.app/billing/api/internal/repositories/base.go:126.3,127.1 1 1
gopkg.aoctech.app/billing/api/internal/repositories/base.go:128.2,129.16 2 3
gopkg.aoctech.app/billing/api/internal/repositories/base.go:130.3,131.1 1 1
gopkg.aoctech.app/billing/api/internal/repositories/base.go:132.2,133.52 2 2
gopkg.aoctech.app/billing/api/internal/repositories/base.go:134.3,135.1 1 1
gopkg.aoctech.app/billing/api/internal/repositories/base.go:136.2,137.26 2 1
gopkg.aoctech.app/billing/api/internal/repositories/base.go:138.3,139.1 1 4
gopkg.aoctech.app/billing/api/internal/repositories/base.go:140.2,140.17 1 1
gopkg.aoctech.app/billing/api/internal/repositories/base.go:161.2,170.16 2 0
gopkg.aoctech.app/billing/api/internal/repositories/base.go:171.3,172.1 1 0
gopkg.aoctech.app/billing/api/internal/repositories/base.go:173.2,174.16 2 0
gopkg.aoctech.app/billing/api/internal/repositories/base.go:175.3,176.1 1 0
gopkg.aoctech.app/billing/api/internal/repositories/base.go:177.2,178.27 2 0
gopkg.aoctech.app/billing/api/internal/repositories/base.go:179.3,180.1 1 0
gopkg.aoctech.app/billing/api/internal/repositories/base.go:181.2,181.74 1 0
gopkg.aoctech.app/billing/api/internal/repositories/base.go:186.2,187.16 2 0
gopkg.aoctech.app/billing/api/internal/repositories/base.go:188.3,189.1 1 0
gopkg.aoctech.app/billing/api/internal/repositories/base.go:190.2,190.79 1 0
gopkg.aoctech.app/billing/api/internal/repositories/catalog.go:35.2,39.1 1 0
gopkg.aoctech.app/billing/api/internal/repositories/catalog.go:50.2,50.46 1 0
gopkg.aoctech.app/billing/api/internal/repositories/catalog.go:51.3,52.1 1 0
gopkg.aoctech.app/billing/api/internal/repositories/catalog.go:53.2,53.17 1 0
gopkg.aoctech.app/billing/api/internal/repositories/catalog.go:54.3,55.1 1 0
gopkg.aoctech.app/billing/api/internal/repositories/catalog.go:56.2,60.16 2 0
gopkg.aoctech.app/billing/api/internal/repositories/catalog.go:61.3,62.1 1 0
gopkg.aoctech.app/billing/api/internal/repositories/catalog.go:63.2,72.16 2 0
gopkg.aoctech.app/billing/api/internal/repositories/catalog.go:73.3,74.1 1 0
gopkg.aoctech.app/billing/api/internal/repositories/catalog.go:75.2,79.28 2 0
gopkg.aoctech.app/billing/api/internal/repositories/catalog.go:80.3,81.1 1 0
gopkg.aoctech.app/billing/api/internal/repositories/catalog.go:82.2,82.12 1 0
gopkg.aoctech.app/billing/api/internal/repositories/catalog.go:99.2,99.42 1 0
gopkg.aoctech.app/billing/api/internal/repositories/catalog.go:100.3,101.1 1 0
gopkg.aoctech.app/billing/api/internal/repositories/catalog.go:102.2,102.17 1 0
gopkg.aoctech.app/billing/api/internal/repositories/catalog.go:103.3,104.1 1 0
gopkg.aoctech.app/billing/api/internal/repositories/catalog.go:106.2,109.1 4 0
gopkg.aoctech.app/billing/api/internal/repositories/catalog.go:110.2,111.21 4 0
gopkg.aoctech.app/billing/api/internal/repositories/catalog.go:112.3,113.17 2 0
gopkg.aoctech.app/billing/api/internal/repositories/catalog.go:114.4,115.1 1 0
gopkg.aoctech.app/billing/api/internal/repositories/catalog.go:116.3,117.37 2 0
gopkg.aoctech.app/billing/api/internal/repositories/catalog.go:120.2,130.16 2 0
gopkg.aoctech.app/billing/api/internal/repositories/catalog.go:131.3,132.1 1 0
gopkg.aoctech.app/billing/api/internal/repositories/catalog.go:134.2,138.114 2 0
gopkg.aoctech.app/billing/api/internal/repositories/catalog.go:139.3,140.1 1 0
gopkg.aoctech.app/billing/api/internal/repositories/catalog.go:141.2,142.12 2 0
gopkg.aoctech.app/billing/api/internal/repositories/catalog.go:147.2,148.16 2 0
gopkg.aoctech.app/billing/api/internal/repositories/catalog.go:149.3,150.1 1 0
gopkg.aoctech.app/billing/api/internal/repositories/catalog.go:151.2,151.17 1 0
gopkg.aoctech.app/billing/api/internal/repositories/catalog.go:152.3,153.1 1 0
gopkg.aoctech.app/billing/api/internal/repositories/catalog.go:154.2,155.16 2 0
gopkg.aoctech.app/billing/api/internal/repositories/catalog.go:156.3,157.1 1 0
gopkg.aoctech.app/billing/api/internal/repositories/catalog.go:158.2,158.26 1 0
gopkg.aoctech.app/billing/api/internal/repositories/catalog.go:163.2,168.16 2 0
gopkg.aoctech.app/billing/api/internal/repositories/catalog.go:169.3,170.1 1 0
gopkg.aoctech.app/billing/api/internal/repositories/catalog.go:171.2,172.16 2 0
gopkg.aoctech.app/billing/api/internal/repositories/catalog.go:173.3,174.1 1 0
gopkg.aoctech.app/billing/api/internal/repositories/catalog.go:175.2,176.27 2 0
gopkg.aoctech.app/billing/api/internal/repositories/catalog.go:177.3,178.1 1 0
gopkg.aoctech.app/billing/api/internal/repositories/catalog.go:179.2,179.17 1 0
gopkg.aoctech.app/billing/api/internal/repositories/catalog.go:189.2,189.37 1 0
gopkg.aoctech.app/billing/api/internal/repositories/catalog.go:190.3,191.1 1 0
gopkg.aoctech.app/billing/api/internal/repositories/catalog.go:192.2,192.17 1 0
gopkg.aoctech.app/billing/api/internal/repositories/catalog.go:193.3,194.1 1 0
gopkg.aoctech.app/billing/api/internal/repositories/catalog.go:195.2,199.16 2 0
gopkg.aoctech.app/billing/api/internal/repositories/catalog.go:200.3,201.1 1 0
gopkg.aoctech.app/billing/api/internal/repositories/catalog.go:205.2,214.16 2 0
gopkg.aoctech.app/billing/api/internal/repositories/catalog.go:215.3,216.1 1 0
gopkg.aoctech.app/billing/api/internal/repositories/catalog.go:217.2,221.28 2 0
gopkg.aoctech.app/billing/api/internal/repositories/catalog.go:222.3,223.1 1 0
gopkg.aoctech.app/billing/api/internal/repositories/catalog.go:224.2,224.12 1 0
gopkg.aoctech.app/billing/api/internal/repositories/catalog.go:229.2,230.16 2 0
gopkg.aoctech.app/billing/api/internal/repositories/catalog.go:231.3,232.1 1 0
gopkg.aoctech.app/billing/api/internal/repositories/catalog.go:233.2,233.17 1 0
gopkg.aoctech.app/billing/api/internal/repositories/catalog.go:234.3,235.1 1 0
gopkg.aoctech.app/billing/api/internal/repositories/catalog.go:236.2,237.16 2 0
gopkg.aoctech.app/billing/api/internal/repositories/catalog.go:238.3,239.1 1 0
gopkg.aoctech.app/billing/api/internal/repositories/catalog.go:240.2,240.24 1 0
gopkg.aoctech.app/billing/api/internal/repositories/catalog.go:249.2,249.17 1 0
gopkg.aoctech.app/billing/api/internal/repositories/catalog.go:250.3,251.1 1 0
gopkg.aoctech.app/billing/api/internal/repositories/catalog.go:252.2,260.16 2 0
gopkg.aoctech.app/billing/api/internal/repositories/catalog.go:261.3,262.1 1 0
gopkg.aoctech.app/billing/api/internal/repositories/catalog.go:266.2,278.28 3 0
gopkg.aoctech.app/billing/api/internal/repositories/catalog.go:279.3,280.1 1 0
gopkg.aoctech.app/billing/api/internal/repositories/catalog.go:281.2,281.16 1 0
gopkg.aoctech.app/billing/api/internal/repositories/catalog.go:282.3,283.1 1 0
gopkg.aoctech.app/billing/api/internal/repositories/catalog.go:284.2,285.12 2 0
gopkg.aoctech.app/billing/api/internal/repositories/catalog.go:291.2,296.16 2 0
gopkg.aoctech.app/billing/api/internal/repositories/catalog.go:297.3,298.1 1 0
gopkg.aoctech.app/billing/api/internal/repositories/catalog.go:299.2,300.16 2 0
gopkg.aoctech.app/billing/api/internal/repositories/catalog.go:301.3,302.1 1 0
gopkg.aoctech.app/billing/api/internal/repositories/catalog.go:303.2,304.27 2 0
gopkg.aoctech.app/billing/api/internal/repositories/catalog.go:305.3,306.1 1 0
gopkg.aoctech.app/billing/api/internal/repositories/catalog.go:307.2,307.17 1 0
gopkg.aoctech.app/billing/api/internal/repositories/credentials.go:20.2,21.1 1 0
gopkg.aoctech.app/billing/api/internal/repositories/credentials.go:36.2,36.54 1 0
gopkg.aoctech.app/billing/api/internal/repositories/credentials.go:37.3,38.1 1 0
gopkg.aoctech.app/billing/api/internal/repositories/credentials.go:39.2,49.16 2 0
gopkg.aoctech.app/billing/api/internal/repositories/credentials.go:50.3,51.1 1 0
gopkg.aoctech.app/billing/api/internal/repositories/credentials.go:52.2,53.28 2 0
gopkg.aoctech.app/billing/api/internal/repositories/credentials.go:54.3,55.1 1 0
gopkg.aoctech.app/billing/api/internal/repositories/credentials.go:56.2,56.12 1 0
gopkg.aoctech.app/billing/api/internal/repositories/credentials.go:66.2,72.16 2 0
gopkg.aoctech.app/billing/api/internal/repositories/credentials.go:73.3,74.1 1 0
gopkg.aoctech.app/billing/api/internal/repositories/credentials.go:75.2,75.25 1 0
gopkg.aoctech.app/billing/api/internal/repositories/credentials.go:76.3,77.1 1 0
gopkg.aoctech.app/billing/api/internal/repositories/credentials.go:78.2,79.16 2 0
gopkg.aoctech.app/billing/api/internal/repositories/credentials.go:80.3,81.1 1 0
gopkg.aoctech.app/billing/api/internal/repositories/credentials.go:82.2,82.53 1 0
gopkg.aoctech.app/billing/api/internal/repositories/credentials.go:83.3,84.1 1 0
gopkg.aoctech.app/billing/api/internal/repositories/credentials.go:85.2,85.32 1 0
gopkg.aoctech.app/billing/api/internal/repositories/credentials.go:90.2,93.1 3 0
gopkg.aoctech.app/billing/api/internal/repositories/credentials.go:94.2,99.16 3 0
gopkg.aoctech.app/billing/api/internal/repositories/credentials.go:100.3,101.1 1 0
gopkg.aoctech.app/billing/api/internal/repositories/credentials.go:102.2,102.12 1 0
gopkg.aoctech.app/billing/api/internal/repositories/creditnotes.go:28.2,32.1 1 0
gopkg.aoctech.app/billing/api/internal/repositories/creditnotes.go:61.2,61.17 1 0
gopkg.aoctech.app/billing/api/internal/repositories/creditnotes.go:64.3,65.1 1 0
gopkg.aoctech.app/billing/api/internal/repositories/creditnotes.go:67.2,68.16 2 0
gopkg.aoctech.app/billing/api/internal/repositories/creditnotes.go:69.3,70.1 1 0
gopkg.aoctech.app/billing/api/internal/repositories/creditnotes.go:71.2,71.58 1 0
gopkg.aoctech.app/billing/api/internal/repositories/creditnotes.go:72.3,73.1 1 0
gopkg.aoctech.app/billing/api/internal/repositories/creditnotes.go:75.2,81.1 9 0
gopkg.aoctech.app/billing/api/internal/repositories/creditnotes.go:82.2,88.16 9 0
gopkg.aoctech.app/billing/api/internal/repositories/creditnotes.go:89.3,90.1 1 0
gopkg.aoctech.app/billing/api/internal/repositories/creditnotes.go:95.2,105.16 2 0
gopkg.aoctech.app/billing/api/internal/repositories/creditnotes.go:106.3,107.1 1 0
gopkg.aoctech.app/billing/api/internal/repositories/creditnotes.go:114.2,116.16 2 0
gopkg.aoctech.app/billing/api/internal/repositories/creditnotes.go:117.3,118.1 1 0
gopkg.aoctech.app/billing/api/internal/repositories/creditnotes.go:120.2,126.28 2 0
gopkg.aoctech.app/billing/api/internal/repositories/creditnotes.go:127.3,128.1 1 0
gopkg.aoctech.app/billing/api/internal/repositories/creditnotes.go:129.2,129.12 1 0
gopkg.aoctech.app/billing/api/internal/repositories/creditnotes.go:140.2,150.1 1 0
gopkg.aoctech.app/billing/api/internal/repositories/creditnotes.go:160.2,166.16 2 0
gopkg.aoctech.app/billing/api/internal/repositories/creditnotes.go:167.3,168.1 1 0
gopkg.aoctech.app/billing/api/internal/repositories/creditnotes.go:169.2,170.16 2 0
gopkg.aoctech.app/billing/api/internal/repositories/creditnotes.go:171.3,172.1 1 0
gopkg.aoctech.app/billing/api/internal/repositories/creditnotes.go:173.2,174.27 2 0
gopkg.aoctech.app/billing/api/internal/repositories/creditnotes.go:175.3,176.1 1 0
gopkg.aoctech.app/billing/api/internal/repositories/creditnotes.go:177.2,177.17 1 0
gopkg.aoctech.app/billing/api/internal/repositories/creditnotes.go:192.2,193.16 2 0
gopkg.aoctech.app/billing/api/internal/repositories/creditnotes.go:194.3,195.1 1 0
gopkg.aoctech.app/billing/api/internal/repositories/creditnotes.go:196.2,197.27 2 0
gopkg.aoctech.app/billing/api/internal/repositories/creditnotes.go:198.3,199.1 1 0
gopkg.aoctech.app/billing/api/internal/repositories/creditnotes.go:200.2,200.19 1 0
gopkg.aoctech.app/billing/api/internal/repositories/customers.go:34.2,38.1 1 0
gopkg.aoctech.app/billing/api/internal/repositories/customers.go:42.2,46.1 2 0
gopkg.aoctech.app/billing/api/internal/repositories/customers.go:47.2,47.25 2 0
gopkg.aoctech.app/billing/api/internal/repositories/customers.go:48.3,49.1 1 0
gopkg.aoctech.app/billing/api/internal/repositories/customers.go:50.2,51.16 2 0
gopkg.aoctech.app/billing/api/internal/repositories/customers.go:52.3,53.1 1 0
gopkg.aoctech.app/billing/api/internal/repositories/customers.go:56.2,57.17 2 0
gopkg.aoctech.app/billing/api/internal/repositories/customers.go:66.2,69.16 4 0
gopkg.aoctech.app/billing/api/internal/repositories/customers.go:70.3,71.1 1 0
gopkg.aoctech.app/billing/api/internal/repositories/customers.go:72.2,73.16 2 0
gopkg.aoctech.app/billing/api/internal/repositories/customers.go:87.2,87.46 1 0
gopkg.aoctech.app/billing/api/internal/repositories/customers.go:88.3,89.1 1 0
gopkg.aoctech.app/billing/api/internal/repositories/customers.go:90.2,90.17 1 0
gopkg.aoctech.app/billing/api/internal/repositories/customers.go:93.3,94.1 1 0
gopkg.aoctech.app/billing/api/internal/repositories/customers.go:95.2,96.16 2 0
gopkg.aoctech.app/billing/api/internal/repositories/customers.go:97.3,98.1 1 0
gopkg.aoctech.app/billing/api/internal/repositories/customers.go:99.2,100.16 2 0
gopkg.aoctech.app/billing/api/internal/repositories/customers.go:101.3,102.1 1 0
gopkg.aoctech.app/billing/api/internal/repositories/customers.go:103.2,104.1 2 0
gopkg.aoctech.app/billing/api/internal/repositories/customers.go:105.2,105.20 2 0
gopkg.aoctech.app/billing/api/internal/repositories/customers.go:106.3,111.17 2 0
gopkg.aoctech.app/billing/api/internal/repositories/customers.go:112.4,113.1 1 0
gopkg.aoctech.app/billing/api/internal/repositories/customers.go:117.3,117.66 1 0
gopkg.aoctech.app/billing/api/internal/repositories/customers.go:122.2,131.16 2 0
gopkg.aoctech.app/billing/api/internal/repositories/customers.go:132.3,133.1 1 0
gopkg.aoctech.app/billing/api/internal/repositories/customers.go:134.2,135.1 3 0
gopkg.aoctech.app/billing/api/internal/repositories/customers.go:136.2,137.28 3 0
gopkg.aoctech.app/billing/api/internal/repositories/customers.go:141.3,141.21 1 0
gopkg.aoctech.app/billing/api/internal/repositories/customers.go:142.4,143.1 1 0
gopkg.aoctech.app/billing/api/internal/repositories/customers.go:144.3,144.56 1 0
gopkg.aoctech.app/billing/api/internal/repositories/customers.go:146.2,146.12 1 0
gopkg.aoctech.app/billing/api/internal/repositories/customers.go:156.2,157.16 2 0
gopkg.aoctech.app/billing/api/internal/repositories/customers.go:158.3,159.1 1 0
gopkg.aoctech.app/billing/api/internal/repositories/customers.go:160.2,160.17 1 0
gopkg.aoctech.app/billing/api/internal/repositories/customers.go:161.3,162.1 1 0
gopkg.aoctech.app/billing/api/internal/repositories/customers.go:163.2,164.16 2 0
gopkg.aoctech.app/billing/api/internal/repositories/customers.go:165.3,166.1 1 0
gopkg.aoctech.app/billing/api/internal/repositories/customers.go:167.2,167.65 1 0
gopkg.aoctech.app/billing/api/internal/repositories/customers.go:183.2,185.37 1 0
gopkg.aoctech.app/billing/api/internal/repositories/customers.go:185.39,185.51 1 0
gopkg.aoctech.app/billing/api/internal/repositories/customers.go:186.2,186.16 1 0
gopkg.aoctech.app/billing/api/internal/repositories/customers.go:187.3,188.1 1 0
gopkg.aoctech.app/billing/api/internal/repositories/customers.go:189.2,192.1 2 0
gopkg.aoctech.app/billing/api/internal/repositories/customers.go:193.2,193.28 2 0
gopkg.aoctech.app/billing/api/internal/repositories/customers.go:194.3,195.17 2 0
gopkg.aoctech.app/billing/api/internal/repositories/customers.go:199.4,200.1 1 0
gopkg.aoctech.app/billing/api/internal/repositories/customers.go:201.3,201.36 1 0
gopkg.aoctech.app/billing/api/internal/repositories/customers.go:203.2,203.17 1 0
gopkg.aoctech.app/billing/api/internal/repositories/customers.go:208.2,209.16 2 0
gopkg.aoctech.app/billing/api/internal/repositories/customers.go:210.3,211.1 1 0
gopkg.aoctech.app/billing/api/internal/repositories/customers.go:212.2,212.17 1 0
gopkg.aoctech.app/billing/api/internal/repositories/customers.go:213.3,214.1 1 0
gopkg.aoctech.app/billing/api/internal/repositories/customers.go:215.2,216.16 2 0
gopkg.aoctech.app/billing/api/internal/repositories/customers.go:217.3,218.1 1 0
gopkg.aoctech.app/billing/api/internal/repositories/customers.go:219.2,219.20 1 0
gopkg.aoctech.app/billing/api/internal/repositories/customers.go:228.2,234.16 2 0
gopkg.aoctech.app/billing/api/internal/repositories/customers.go:235.3,236.1 1 0
gopkg.aoctech.app/billing/api/internal/repositories/customers.go:237.2,237.25 1 0
gopkg.aoctech.app/billing/api/internal/repositories/customers.go:238.3,239.1 1 0
gopkg.aoctech.app/billing/api/internal/repositories/customers.go:240.2,241.16 2 0
gopkg.aoctech.app/billing/api/internal/repositories/customers.go:242.3,243.1 1 0
gopkg.aoctech.app/billing/api/internal/repositories/customers.go:244.2,244.20 1 0
gopkg.aoctech.app/billing/api/internal/repositories/customers.go:254.2,256.1 4 0
gopkg.aoctech.app/billing/api/internal/repositories/customers.go:257.2,266.1 4 0
gopkg.aoctech.app/billing/api/internal/repositories/customers.go:267.2,267.122 4 0
gopkg.aoctech.app/billing/api/internal/repositories/customers.go:268.3,269.1 1 0
gopkg.aoctech.app/billing/api/internal/repositories/customers.go:271.2,271.69 1 0
gopkg.aoctech.app/billing/api/internal/repositories/customers.go:272.3,273.1 1 0
gopkg.aoctech.app/billing/api/internal/repositories/customers.go:274.2,275.12 2 0
gopkg.aoctech.app/billing/api/internal/repositories/customers.go:288.2,288.30 1 0
gopkg.aoctech.app/billing/api/internal/repositories/customers.go:289.3,290.1 1 0
gopkg.aoctech.app/billing/api/internal/repositories/customers.go:291.2,294.1 2 0
gopkg.aoctech.app/billing/api/internal/repositories/customers.go:295.2,295.122 2 0
gopkg.aoctech.app/billing/api/internal/repositories/customers.go:296.3,297.1 1 0
gopkg.aoctech.app/billing/api/internal/repositories/customers.go:298.2,298.74 1 0
gopkg.aoctech.app/billing/api/internal/repositories/customers.go:299.3,300.1 1 0
gopkg.aoctech.app/billing/api/internal/repositories/customers.go:301.2,302.12 2 0
gopkg.aoctech.app/billing/api/internal/repositories/customers.go:307.2,308.18 2 0
gopkg.aoctech.app/billing/api/internal/repositories/customers.go:309.3,310.1 1 0
gopkg.aoctech.app/billing/api/internal/repositories/customers.go:311.2,321.16 2 0
gopkg.aoctech.app/billing/api/internal/repositories/customers.go:322.3,323.1 1 0
gopkg.aoctech.app/billing/api/internal/repositories/customers.go:324.2,324.82 1 0
gopkg.aoctech.app/billing/api/internal/repositories/customers.go:333.2,343.16 2 0
gopkg.aoctech.app/billing/api/internal/repositories/customers.go:344.3,345.1 1 0
gopkg.aoctech.app/billing/api/internal/repositories/customers.go:346.2,346.82 1 0
gopkg.aoctech.app/billing/api/internal/repositories/customers.go:355.2,363.16 2 0
gopkg.aoctech.app/billing/api/internal/repositories/customers.go:364.3,365.1 1 0
gopkg.aoctech.app/billing/api/internal/repositories/customers.go:366.2,366.82 1 0
gopkg.aoctech.app/billing/api/internal/repositories/idempotency.go:52.2,53.1 1 0
gopkg.aoctech.app/billing/api/internal/repositories/idempotency.go:60.2,61.16 2 0
gopkg.aoctech.app/billing/api/internal/repositories/idempotency.go:62.3,63.1 1 0
gopkg.aoctech.app/billing/api/internal/repositories/idempotency.go:64.2,64.17 1 0
gopkg.aoctech.app/billing/api/internal/repositories/idempotency.go:65.3,66.1 1 0
gopkg.aoctech.app/billing/api/internal/repositories/idempotency.go:67.2,68.16 2 0
gopkg.aoctech.app/billing/api/internal/repositories/idempotency.go:69.3,70.1 1 0
gopkg.aoctech.app/billing/api/internal/repositories/idempotency.go:71.2,71.36 1 0
gopkg.aoctech.app/billing/api/internal/repositories/idempotency.go:72.3,73.1 1 0
gopkg.aoctech.app/billing/api/internal/repositories/idempotency.go:74.2,74.36 1 0
gopkg.aoctech.app/billing/api/internal/repositories/idempotency.go:86.2,96.16 2 0
gopkg.aoctech.app/billing/api/internal/repositories/idempotency.go:97.3,98.1 1 0
gopkg.aoctech.app/billing/api/internal/repositories/idempotency.go:99.2,100.28 2 0
gopkg.aoctech.app/billing/api/internal/repositories/idempotency.go:103.3,104.1 1 0
gopkg.aoctech.app/billing/api/internal/repositories/idempotency.go:105.2,105.12 1 0
gopkg.aoctech.app/billing/api/internal/repositories/invoices.go:45.2,49.1 1 0
gopkg.aoctech.app/billing/api/internal/repositories/invoices.go:67.2,67.40 1 0
gopkg.aoctech.app/billing/api/internal/repositories/invoices.go:68.3,69.1 1 0
gopkg.aoctech.app/billing/api/internal/repositories/invoices.go:70.2,70.48 1 0
gopkg.aoctech.app/billing/api/internal/repositories/invoices.go:71.3,72.1 1 0
gopkg.aoctech.app/billing/api/internal/repositories/invoices.go:74.2,76.1 4 0
gopkg.aoctech.app/billing/api/internal/repositories/invoices.go:77.2,78.30 4 0
gopkg.aoctech.app/billing/api/internal/repositories/invoices.go:79.3,80.1 1 0
gopkg.aoctech.app/billing/api/internal/repositories/invoices.go:82.2,89.16 2 0
gopkg.aoctech.app/billing/api/internal/repositories/invoices.go:90.3,91.1 1 0
gopkg.aoctech.app/billing/api/internal/repositories/invoices.go:92.2,93.1 2 0
gopkg.aoctech.app/billing/api/internal/repositories/invoices.go:94.2,94.29 2 0
gopkg.aoctech.app/billing/api/internal/repositories/invoices.go:95.3,101.17 2 0
gopkg.aoctech.app/billing/api/internal/repositories/invoices.go:102.4,103.1 1 0
gopkg.aoctech.app/billing/api/internal/repositories/invoices.go:104.3,104.67 1 0
gopkg.aoctech.app/billing/api/internal/repositories/invoices.go:107.2,107.25 1 0
gopkg.aoctech.app/billing/api/internal/repositories/invoices.go:108.3,113.17 2 0
gopkg.aoctech.app/billing/api/internal/repositories/invoices.go:114.4,115.1 1 0
gopkg.aoctech.app/billing/api/internal/repositories/invoices.go:116.3,116.65 1 0
gopkg.aoctech.app/billing/api/internal/repositories/invoices.go:119.2,120.28 2 0
gopkg.aoctech.app/billing/api/internal/repositories/invoices.go:121.3,122.1 1 0
gopkg.aoctech.app/billing/api/internal/repositories/invoices.go:123.2,123.12 1 0
gopkg.aoctech.app/billing/api/internal/repositories/invoices.go:128.2,129.16 2 0
gopkg.aoctech.app/billing/api/internal/repositories/invoices.go:130.3,131.1 1 0
gopkg.aoctech.app/billing/api/internal/repositories/invoices.go:132.2,132.17 1 0
gopkg.aoctech.app/billing/api/internal/repositories/invoices.go:133.3,134.1 1 0
gopkg.aoctech.app/billing/api/internal/repositories/invoices.go:135.2,136.16 2 0
gopkg.aoctech.app/billing/api/internal/repositories/invoices.go:137.3,138.1 1 0
gopkg.aoctech.app/billing/api/internal/repositories/invoices.go:139.2,139.26 1 0
gopkg.aoctech.app/billing/api/internal/repositories/invoices.go:144.2,150.16 2 0
gopkg.aoctech.app/billing/api/internal/repositories/invoices.go:151.3,152.1 1 0
gopkg.aoctech.app/billing/api/internal/repositories/invoices.go:153.2,154.16 2 0
gopkg.aoctech.app/billing/api/internal/repositories/invoices.go:155.3,156.1 1 0
gopkg.aoctech.app/billing/api/internal/repositories/invoices.go:157.2,158.27 2 0
gopkg.aoctech.app/billing/api/internal/repositories/invoices.go:159.3,160.1 1 0
gopkg.aoctech.app/billing/api/internal/repositories/invoices.go:161.2,161.17 1 0
gopkg.aoctech.app/billing/api/internal/repositories/invoices.go:187.2,188.1 3 0
gopkg.aoctech.app/billing/api/internal/repositories/invoices.go:193.2,194.16 3 0
gopkg.aoctech.app/billing/api/internal/repositories/invoices.go:195.3,196.1 1 0
gopkg.aoctech.app/billing/api/internal/repositories/invoices.go:197.2,198.1 4 0
gopkg.aoctech.app/billing/api/internal/repositories/invoices.go:199.2,201.1 4 0
gopkg.aoctech.app/billing/api/internal/repositories/invoices.go:202.2,202.41 4 0
gopkg.aoctech.app/billing/api/internal/repositories/invoices.go:203.3,203.18 1 0
gopkg.aoctech.app/billing/api/internal/repositories/invoices.go:206.4,207.11 2 0
gopkg.aoctech.app/billing/api/internal/repositories/invoices.go:209.5,209.26 1 0
gopkg.aoctech.app/billing/api/internal/repositories/invoices.go:210.74,210.74 0 0
gopkg.aoctech.app/billing/api/internal/repositories/invoices.go:213.3,214.17 2 0
gopkg.aoctech.app/billing/api/internal/repositories/invoices.go:215.4,216.1 1 0
gopkg.aoctech.app/billing/api/internal/repositories/invoices.go:217.3,219.1 5 0
gopkg.aoctech.app/billing/api/internal/repositories/invoices.go:220.3,221.1 5 0
gopkg.aoctech.app/billing/api/internal/repositories/invoices.go:222.3,225.1 5 0
gopkg.aoctech.app/billing/api/internal/repositories/invoices.go:231.3,231.32 5 0
gopkg.aoctech.app/billing/api/internal/repositories/invoices.go:232.4,234.1 2 0
gopkg.aoctech.app/billing/api/internal/repositories/invoices.go:236.3,262.1 3 0
gopkg.aoctech.app/billing/api/internal/repositories/invoices.go:264.3,265.17 3 0
gopkg.aoctech.app/billing/api/internal/repositories/invoices.go:266.4,268.1 2 0
gopkg.aoctech.app/billing/api/internal/repositories/invoices.go:269.3,269.49 1 0
gopkg.aoctech.app/billing/api/internal/repositories/invoices.go:270.4,271.1 1 0
gopkg.aoctech.app/billing/api/internal/repositories/invoices.go:276.3,277.20 2 0
gopkg.aoctech.app/billing/api/internal/repositories/invoices.go:278.4,279.1 1 0
gopkg.aoctech.app/billing/api/internal/repositories/invoices.go:280.3,280.43 1 0
gopkg.aoctech.app/billing/api/internal/repositories/invoices.go:281.4,282.1 1 0
gopkg.aoctech.app/billing/api/internal/repositories/invoices.go:284.2,284.114 1 0
gopkg.aoctech.app/billing/api/internal/repositories/invoices.go:296.2,297.16 2 0
gopkg.aoctech.app/billing/api/internal/repositories/invoices.go:298.3,299.1 1 0
gopkg.aoctech.app/billing/api/internal/repositories/invoices.go:300.2,300.17 1 0
gopkg.aoctech.app/billing/api/internal/repositories/invoices.go:301.3,302.1 1 0
gopkg.aoctech.app/billing/api/internal/repositories/invoices.go:303.2,304.9 2 0
gopkg.aoctech.app/billing/api/internal/repositories/invoices.go:305.3,306.1 1 0
gopkg.aoctech.app/billing/api/internal/repositories/invoices.go:307.2,307.43 1 0
gopkg.aoctech.app/billing/api/internal/repositories/invoices.go:313.2,324.1 1 0
gopkg.aoctech.app/billing/api/internal/repositories/invoices.go:338.2,340.16 3 0
gopkg.aoctech.app/billing/api/internal/repositories/invoices.go:341.3,342.1 1 0
gopkg.aoctech.app/billing/api/internal/repositories/invoices.go:344.2,346.1 3 0
gopkg.aoctech.app/billing/api/internal/repositories/invoices.go:347.2,347.46 3 0
gopkg.aoctech.app/billing/api/internal/repositories/invoices.go:348.3,349.1 1 0
gopkg.aoctech.app/billing/api/internal/repositories/invoices.go:350.2,350.31 1 0
gopkg.aoctech.app/billing/api/internal/repositories/invoices.go:351.3,353.1 3 0
gopkg.aoctech.app/billing/api/internal/repositories/invoices.go:356.3,356.27 3 0
gopkg.aoctech.app/billing/api/internal/repositories/invoices.go:357.4,359.1 2 0
gopkg.aoctech.app/billing/api/internal/repositories/invoices.go:361.2,361.31 1 0
gopkg.aoctech.app/billing/api/internal/repositories/invoices.go:362.3,363.1 1 0
gopkg.aoctech.app/billing/api/internal/repositories/invoices.go:365.2,384.1 2 0
gopkg.aoctech.app/billing/api/internal/repositories/invoices.go:385.2,385.73 2 0
gopkg.aoctech.app/billing/api/internal/repositories/invoices.go:386.3,387.1 1 0
gopkg.aoctech.app/billing/api/internal/repositories/invoices.go:388.2,389.20 2 0
gopkg.aoctech.app/billing/api/internal/repositories/invoices.go:409.2,416.16 2 0
gopkg.aoctech.app/billing/api/internal/repositories/invoices.go:417.3,418.1 1 0
gopkg.aoctech.app/billing/api/internal/repositories/invoices.go:419.2,420.16 2 0
gopkg.aoctech.app/billing/api/internal/repositories/invoices.go:421.3,422.1 1 0
gopkg.aoctech.app/billing/api/internal/repositories/invoices.go:423.2,424.27 2 0
gopkg.aoctech.app/billing/api/internal/repositories/invoices.go:425.3,425.31 1 0
gopkg.aoctech.app/billing/api/internal/repositories/invoices.go:426.4,426.12 1 0
gopkg.aoctech.app/billing/api/internal/repositories/invoices.go:428.3,428.33 1 0
gopkg.aoctech.app/billing/api/internal/repositories/invoices.go:430.2,430.17 1 0
gopkg.aoctech.app/billing/api/internal/repositories/invoices.go:451.2,458.16 2 0
gopkg.aoctech.app/billing/api/internal/repositories/invoices.go:459.3,460.1 1 0
gopkg.aoctech.app/billing/api/internal/repositories/invoices.go:461.2,462.16 2 0
gopkg.aoctech.app/billing/api/internal/repositories/invoices.go:463.3,464.1 1 0
gopkg.aoctech.app/billing/api/internal/repositories/invoices.go:468.2,469.27 2 0
gopkg.aoctech.app/billing/api/internal/repositories/invoices.go:470.3,470.31 1 0
gopkg.aoctech.app/billing/api/internal/repositories/invoices.go:471.4,471.12 1 0
gopkg.aoctech.app/billing/api/internal/repositories/invoices.go:473.3,473.33 1 0
gopkg.aoctech.app/billing/api/internal/repositories/invoices.go:475.2,475.17 1 0
gopkg.aoctech.app/billing/api/internal/repositories/invoices.go:491.2,493.40 1 0
gopkg.aoctech.app/billing/api/internal/repositories/invoices.go:493.42,493.62 1 0
gopkg.aoctech.app/billing/api/internal/repositories/invoices.go:509.2,518.16 2 0
gopkg.aoctech.app/billing/api/internal/repositories/invoices.go:519.3,520.1 1 0
gopkg.aoctech.app/billing/api/internal/repositories/invoices.go:521.2,522.16 2 0
gopkg.aoctech.app/billing/api/internal/repositories/invoices.go:523.3,524.1 1 0
gopkg.aoctech.app/billing/api/internal/repositories/invoices.go:525.2,526.27 2 0
gopkg.aoctech.app/billing/api/internal/repositories/invoices.go:527.3,528.1 1 0
gopkg.aoctech.app/billing/api/internal/repositories/invoices.go:529.2,529.88 1 0
gopkg.aoctech.app/billing/api/internal/repositories/invoices.go:542.2,548.1 6 0
gopkg.aoctech.app/billing/api/internal/repositories/invoices.go:549.2,551.1 6 0
gopkg.aoctech.app/billing/api/internal/repositories/invoices.go:552.2,552.14 6 0
gopkg.aoctech.app/billing/api/internal/repositories/invoices.go:553.3,555.1 2 0
gopkg.aoctech.app/billing/api/internal/repositories/invoices.go:559.2,559.67 1 0
gopkg.aoctech.app/billing/api/internal/repositories/invoices.go:560.3,564.1 4 0
gopkg.aoctech.app/billing/api/internal/repositories/invoices.go:565.3,567.1 2 0
gopkg.aoctech.app/billing/api/internal/repositories/invoices.go:569.2,570.22 2 0
gopkg.aoctech.app/billing/api/internal/repositories/invoices.go:571.3,572.1 1 0
gopkg.aoctech.app/billing/api/internal/repositories/invoices.go:577.2,579.1 4 0
gopkg.aoctech.app/billing/api/internal/repositories/invoices.go:580.2,584.28 4 0
gopkg.aoctech.app/billing/api/internal/repositories/invoices.go:585.3,586.1 1 0
gopkg.aoctech.app/billing/api/internal/repositories/invoices.go:587.2,587.16 1 0
gopkg.aoctech.app/billing/api/internal/repositories/invoices.go:588.3,589.1 1 0
gopkg.aoctech.app/billing/api/internal/repositories/invoices.go:590.2,590.12 1 0
gopkg.aoctech.app/billing/api/internal/repositories/invoices.go:595.2,596.1 1 0
gopkg.aoctech.app/billing/api/internal/repositories/invoices.go:611.2,621.28 2 0
gopkg.aoctech.app/billing/api/internal/repositories/invoices.go:622.3,623.1 1 0
gopkg.aoctech.app/billing/api/internal/repositories/invoices.go:624.2,624.16 1 0
gopkg.aoctech.app/billing/api/internal/repositories/invoices.go:625.3,626.1 1 0
gopkg.aoctech.app/billing/api/internal/repositories/invoices.go:627.2,628.12 2 0
gopkg.aoctech.app/billing/api/internal/repositories/keys.go:128.2,128.14 1 21
gopkg.aoctech.app/billing/api/internal/repositories/keys.go:129.3,130.1 1 17
gopkg.aoctech.app/billing/api/internal/repositories/keys.go:131.2,131.15 1 4
gopkg.aoctech.app/billing/api/internal/repositories/keys.go:136.2,137.1 1 16
gopkg.aoctech.app/billing/api/internal/repositories/keys.go:140.32,140.55 1 0
gopkg.aoctech.app/billing/api/internal/repositories/keys.go:143.53,143.85 1 0
gopkg.aoctech.app/billing/api/internal/repositories/keys.go:144.53,144.83 1 0
gopkg.aoctech.app/billing/api/internal/repositories/keys.go:145.53,145.79 1 0
gopkg.aoctech.app/billing/api/internal/repositories/keys.go:146.53,146.93 1 0
gopkg.aoctech.app/billing/api/internal/repositories/keys.go:147.53,147.83 1 2
gopkg.aoctech.app/billing/api/internal/repositories/keys.go:148.53,148.79 1 0
gopkg.aoctech.app/billing/api/internal/repositories/keys.go:154.2,155.1 1 0
gopkg.aoctech.app/billing/api/internal/repositories/keys.go:161.2,162.1 1 2
gopkg.aoctech.app/billing/api/internal/repositories/keys.go:172.2,173.1 1 0
gopkg.aoctech.app/billing/api/internal/repositories/keys.go:182.2,183.1 1 0
gopkg.aoctech.app/billing/api/internal/repositories/keys.go:187.2,188.1 1 3
gopkg.aoctech.app/billing/api/internal/repositories/keys.go:195.2,196.1 1 3
gopkg.aoctech.app/billing/api/internal/repositories/keys.go:205.2,206.1 1 2
gopkg.aoctech.app/billing/api/internal/repositories/keys.go:256.2,257.1 1 3
gopkg.aoctech.app/billing/api/internal/repositories/keys.go:264.45,264.77 1 0
gopkg.aoctech.app/billing/api/internal/repositories/keys.go:265.45,265.71 1 0
gopkg.aoctech.app/billing/api/internal/repositories/keys.go:267.2,268.1 1 0
gopkg.aoctech.app/billing/api/internal/repositories/keys.go:284.2,285.1 1 0
gopkg.aoctech.app/billing/api/internal/repositories/keys.go:290.2,291.1 1 0
gopkg.aoctech.app/billing/api/internal/repositories/keys.go:300.2,301.1 1 0
gopkg.aoctech.app/billing/api/internal/repositories/keys.go:306.2,307.1 1 1
gopkg.aoctech.app/billing/api/internal/repositories/keys.go:318.2,319.1 1 0
gopkg.aoctech.app/billing/api/internal/repositories/keys.go:329.45,329.77 1 0
gopkg.aoctech.app/billing/api/internal/repositories/keys.go:332.45,332.77 1 0
gopkg.aoctech.app/billing/api/internal/repositories/keys.go:333.45,333.73 1 0
gopkg.aoctech.app/billing/api/internal/repositories/keys.go:341.51,341.80 1 0
gopkg.aoctech.app/billing/api/internal/repositories/keys.go:347.2,348.1 1 1
gopkg.aoctech.app/billing/api/internal/repositories/keys.go:364.2,365.1 1 0
gopkg.aoctech.app/billing/api/internal/repositories/keys.go:378.2,379.1 1 7
gopkg.aoctech.app/billing/api/internal/repositories/keys.go:418.2,421.1 1 4
gopkg.aoctech.app/billing/api/internal/repositories/keys.go:431.2,431.9 1 4
gopkg.aoctech.app/billing/api/internal/repositories/keys.go:433.3,433.36 1 1
gopkg.aoctech.app/billing/api/internal/repositories/keys.go:435.3,435.48 1 2
gopkg.aoctech.app/billing/api/internal/repositories/keys.go:437.3,437.58 1 1
gopkg.aoctech.app/billing/api/internal/repositories/keys.go:445.2,446.25 2 6
gopkg.aoctech.app/billing/api/internal/repositories/keys.go:447.3,448.1 1 2
gopkg.aoctech.app/billing/api/internal/repositories/keys.go:451.2,452.14 2 4
gopkg.aoctech.app/billing/api/internal/repositories/keys.go:454.3,454.25 1 2
gopkg.aoctech.app/billing/api/internal/repositories/keys.go:456.3,456.26 1 1
gopkg.aoctech.app/billing/api/internal/repositories/keys.go:458.3,458.26 1 1
gopkg.aoctech.app/billing/api/internal/repositories/organizations.go:35.2,39.1 1 0
gopkg.aoctech.app/billing/api/internal/repositories/organizations.go:49.2,49.28 1 0
gopkg.aoctech.app/billing/api/internal/repositories/organizations.go:50.3,51.1 1 0
gopkg.aoctech.app/billing/api/internal/repositories/organizations.go:52.2,55.1 2 0
gopkg.aoctech.app/billing/api/internal/repositories/organizations.go:56.2,56.27 2 0
gopkg.aoctech.app/billing/api/internal/repositories/organizations.go:57.3,58.1 1 0
gopkg.aoctech.app/billing/api/internal/repositories/organizations.go:59.2,60.16 2 0
gopkg.aoctech.app/billing/api/internal/repositories/organizations.go:61.3,62.1 1 0
gopkg.aoctech.app/billing/api/internal/repositories/organizations.go:63.2,64.28 2 0
gopkg.aoctech.app/billing/api/internal/repositories/organizations.go:65.3,66.1 1 0
gopkg.aoctech.app/billing/api/internal/repositories/organizations.go:67.2,67.12 1 0
gopkg.aoctech.app/billing/api/internal/repositories/organizations.go:72.2,73.16 2 0
gopkg.aoctech.app/billing/api/internal/repositories/organizations.go:74.3,75.1 1 0
gopkg.aoctech.app/billing/api/internal/repositories/organizations.go:76.2,76.17 1 0
gopkg.aoctech.app/billing/api/internal/repositories/organizations.go:77.3,78.1 1 0
gopkg.aoctech.app/billing/api/internal/repositories/organizations.go:79.2,80.16 2 0
gopkg.aoctech.app/billing/api/internal/repositories/organizations.go:81.3,82.1 1 0
gopkg.aoctech.app/billing/api/internal/repositories/organizations.go:83.2,83.31 1 0
gopkg.aoctech.app/billing/api/internal/repositories/organizations.go:98.2,104.16 2 0
gopkg.aoctech.app/billing/api/internal/repositories/organizations.go:105.3,106.1 1 0
gopkg.aoctech.app/billing/api/internal/repositories/organizations.go:107.2,107.25 1 0
gopkg.aoctech.app/billing/api/internal/repositories/organizations.go:108.3,109.1 1 0
gopkg.aoctech.app/billing/api/internal/repositories/organizations.go:110.2,111.16 2 0
gopkg.aoctech.app/billing/api/internal/repositories/organizations.go:112.3,113.1 1 0
gopkg.aoctech.app/billing/api/internal/repositories/organizations.go:114.2,114.31 1 0
gopkg.aoctech.app/billing/api/internal/repositories/organizations.go:131.2,131.28 1 0
gopkg.aoctech.app/billing/api/internal/repositories/organizations.go:132.3,133.1 1 0
gopkg.aoctech.app/billing/api/internal/repositories/organizations.go:134.2,152.1 2 0
gopkg.aoctech.app/billing/api/internal/repositories/organizations.go:153.2,153.73 2 0
gopkg.aoctech.app/billing/api/internal/repositories/organizations.go:154.3,155.1 1 0
gopkg.aoctech.app/billing/api/internal/repositories/organizations.go:156.2,157.12 2 0
gopkg.aoctech.app/billing/api/internal/repositories/organizations.go:179.2,179.42 1 0
gopkg.aoctech.app/billing/api/internal/repositories/organizations.go:180.3,181.1 1 0
gopkg.aoctech.app/billing/api/internal/repositories/organizations.go:182.2,182.17 1 0
gopkg.aoctech.app/billing/api/internal/repositories/organizations.go:183.3,184.1 1 0
gopkg.aoctech.app/billing/api/internal/repositories/organizations.go:186.2,189.1 4 0
gopkg.aoctech.app/billing/api/internal/repositories/organizations.go:190.2,191.21 4 0
gopkg.aoctech.app/billing/api/internal/repositories/organizations.go:192.3,193.17 2 0
gopkg.aoctech.app/billing/api/internal/repositories/organizations.go:194.4,195.1 1 0
gopkg.aoctech.app/billing/api/internal/repositories/organizations.go:196.3,197.37 2 0
gopkg.aoctech.app/billing/api/internal/repositories/organizations.go:200.2,210.16 2 0
gopkg.aoctech.app/billing/api/internal/repositories/organizations.go:211.3,212.1 1 0
gopkg.aoctech.app/billing/api/internal/repositories/organizations.go:214.2,218.110 2 0
gopkg.aoctech.app/billing/api/internal/repositories/organizations.go:219.3,220.1 1 0
gopkg.aoctech.app/billing/api/internal/repositories/organizations.go:221.2,222.12 2 0
gopkg.aoctech.app/billing/api/internal/repositories/organizations.go:242.2,242.17 1 0
gopkg.aoctech.app/billing/api/internal/repositories/organizations.go:243.3,244.1 1 0
gopkg.aoctech.app/billing/api/internal/repositories/organizations.go:246.2,251.1 7 0
gopkg.aoctech.app/billing/api/internal/repositories/organizations.go:252.2,255.1 7 0
gopkg.aoctech.app/billing/api/internal/repositories/organizations.go:256.2,258.1 7 0
gopkg.aoctech.app/billing/api/internal/repositories/organizations.go:259.2,260.45 7 0
gopkg.aoctech.app/billing/api/internal/repositories/organizations.go:261.3,263.25 3 0
gopkg.aoctech.app/billing/api/internal/repositories/organizations.go:264.4,265.1 1 0
gopkg.aoctech.app/billing/api/internal/repositories/organizations.go:266.4,268.1 2 0
gopkg.aoctech.app/billing/api/internal/repositories/organizations.go:269.3,269.6 1 0
gopkg.aoctech.app/billing/api/internal/repositories/organizations.go:271.2,272.22 2 0
gopkg.aoctech.app/billing/api/internal/repositories/organizations.go:273.3,274.1 1 0
gopkg.aoctech.app/billing/api/internal/repositories/organizations.go:276.2,286.16 2 0
gopkg.aoctech.app/billing/api/internal/repositories/organizations.go:287.3,288.1 1 0
gopkg.aoctech.app/billing/api/internal/repositories/organizations.go:290.2,294.110 2 0
gopkg.aoctech.app/billing/api/internal/repositories/organizations.go:295.3,296.1 1 0
gopkg.aoctech.app/billing/api/internal/repositories/organizations.go:297.2,301.12 5 0
gopkg.aoctech.app/billing/api/internal/repositories/organizations.go:307.2,308.19 2 0
gopkg.aoctech.app/billing/api/internal/repositories/organizations.go:309.3,310.1 1 0
gopkg.aoctech.app/billing/api/internal/repositories/organizations.go:311.2,312.12 2 0
gopkg.aoctech.app/billing/api/internal/repositories/organizations.go:321.2,321.17 1 0
gopkg.aoctech.app/billing/api/internal/repositories/organizations.go:322.3,323.1 1 0
gopkg.aoctech.app/billing/api/internal/repositories/organizations.go:324.2,325.25 2 0
gopkg.aoctech.app/billing/api/internal/repositories/organizations.go:326.3,327.1 1 0
gopkg.aoctech.app/billing/api/internal/repositories/organizations.go:328.2,328.33 1 0
gopkg.aoctech.app/billing/api/internal/repositories/organizations.go:333.2,334.1 1 0
gopkg.aoctech.app/billing/api/internal/repositories/payments.go:36.2,40.1 1 0
gopkg.aoctech.app/billing/api/internal/repositories/payments.go:57.2,57.64 1 0
gopkg.aoctech.app/billing/api/internal/repositories/payments.go:58.3,59.1 1 0
gopkg.aoctech.app/billing/api/internal/repositories/payments.go:60.2,61.28 2 0
gopkg.aoctech.app/billing/api/internal/repositories/payments.go:62.3,63.1 1 0
gopkg.aoctech.app/billing/api/internal/repositories/payments.go:67.2,83.16 3 0
gopkg.aoctech.app/billing/api/internal/repositories/payments.go:84.3,85.1 1 0
gopkg.aoctech.app/billing/api/internal/repositories/payments.go:86.2,87.28 2 0
gopkg.aoctech.app/billing/api/internal/repositories/payments.go:88.3,89.1 1 0
gopkg.aoctech.app/billing/api/internal/repositories/payments.go:90.2,90.12 1 0
gopkg.aoctech.app/billing/api/internal/repositories/payments.go:95.2,101.16 2 0
gopkg.aoctech.app/billing/api/internal/repositories/payments.go:102.3,103.1 1 0
gopkg.aoctech.app/billing/api/internal/repositories/payments.go:104.2,105.16 2 0
gopkg.aoctech.app/billing/api/internal/repositories/payments.go:106.3,107.1 1 0
gopkg.aoctech.app/billing/api/internal/repositories/payments.go:108.2,109.27 2 0
gopkg.aoctech.app/billing/api/internal/repositories/payments.go:110.3,111.1 1 0
gopkg.aoctech.app/billing/api/internal/repositories/payments.go:112.2,112.17 1 0
gopkg.aoctech.app/billing/api/internal/repositories/payments.go:122.2,128.16 2 0
gopkg.aoctech.app/billing/api/internal/repositories/payments.go:129.3,130.1 1 0
gopkg.aoctech.app/billing/api/internal/repositories/payments.go:131.2,131.25 1 0
gopkg.aoctech.app/billing/api/internal/repositories/payments.go:132.3,133.1 1 0
gopkg.aoctech.app/billing/api/internal/repositories/payments.go:134.2,135.16 2 0
gopkg.aoctech.app/billing/api/internal/repositories/payments.go:136.3,137.1 1 0
gopkg.aoctech.app/billing/api/internal/repositories/payments.go:138.2,138.33 1 0
gopkg.aoctech.app/billing/api/internal/repositories/payments.go:158.2,167.16 2 0
gopkg.aoctech.app/billing/api/internal/repositories/payments.go:168.3,169.1 1 0
gopkg.aoctech.app/billing/api/internal/repositories/payments.go:170.2,171.16 2 0
gopkg.aoctech.app/billing/api/internal/repositories/payments.go:172.3,173.1 1 0
gopkg.aoctech.app/billing/api/internal/repositories/payments.go:174.2,175.27 2 0
gopkg.aoctech.app/billing/api/internal/repositories/payments.go:176.3,177.1 1 0
gopkg.aoctech.app/billing/api/internal/repositories/payments.go:178.2,178.95 1 0
gopkg.aoctech.app/billing/api/internal/repositories/payments.go:195.2,197.16 3 0
gopkg.aoctech.app/billing/api/internal/repositories/payments.go:198.3,199.1 1 0
gopkg.aoctech.app/billing/api/internal/repositories/payments.go:201.2,202.33 2 0
gopkg.aoctech.app/billing/api/internal/repositories/payments.go:203.3,204.1 1 0
gopkg.aoctech.app/billing/api/internal/repositories/payments.go:206.2,226.1 2 0
gopkg.aoctech.app/billing/api/internal/repositories/payments.go:227.2,227.73 2 0
gopkg.aoctech.app/billing/api/internal/repositories/payments.go:228.3,229.1 1 0
gopkg.aoctech.app/billing/api/internal/repositories/payments.go:230.2,231.20 2 0
gopkg.aoctech.app/billing/api/internal/repositories/payments.go:236.2,236.46 1 0
gopkg.aoctech.app/billing/api/internal/repositories/payments.go:237.3,238.1 1 0
gopkg.aoctech.app/billing/api/internal/repositories/payments.go:239.2,248.16 2 0
gopkg.aoctech.app/billing/api/internal/repositories/payments.go:249.3,250.1 1 0
gopkg.aoctech.app/billing/api/internal/repositories/payments.go:251.2,251.80 1 0
gopkg.aoctech.app/billing/api/internal/repositories/payments.go:260.2,265.16 2 0
gopkg.aoctech.app/billing/api/internal/repositories/payments.go:266.3,267.1 1 0
gopkg.aoctech.app/billing/api/internal/repositories/payments.go:268.2,268.25 1 0
gopkg.aoctech.app/billing/api/internal/repositories/payments.go:269.3,270.1 1 0
gopkg.aoctech.app/billing/api/internal/repositories/payments.go:271.2,272.16 2 0
gopkg.aoctech.app/billing/api/internal/repositories/payments.go:273.3,274.1 1 0
gopkg.aoctech.app/billing/api/internal/repositories/payments.go:275.2,275.34 1 0
gopkg.aoctech.app/billing/api/internal/repositories/payments.go:287.2,289.16 3 0
gopkg.aoctech.app/billing/api/internal/repositories/payments.go:290.3,291.1 1 0
gopkg.aoctech.app/billing/api/internal/repositories/payments.go:292.2,307.1 2 0
gopkg.aoctech.app/billing/api/internal/repositories/payments.go:308.2,308.73 2 0
gopkg.aoctech.app/billing/api/internal/repositories/payments.go:309.3,310.1 1 0
gopkg.aoctech.app/billing/api/internal/repositories/payments.go:311.2,312.20 2 0
gopkg.aoctech.app/billing/api/internal/repositories/payments.go:317.2,318.1 1 0
gopkg.aoctech.app/billing/api/internal/repositories/retention.go:65.2,66.11 2 15
gopkg.aoctech.app/billing/api/internal/repositories/retention.go:68.3,68.13 1 9
gopkg.aoctech.app/billing/api/internal/repositories/retention.go:70.3,70.39 1 3
gopkg.aoctech.app/billing/api/internal/repositories/retention.go:72.3,72.40 1 1
gopkg.aoctech.app/billing/api/internal/repositories/retention.go:74.3,74.26 1 1
gopkg.aoctech.app/billing/api/internal/repositories/retention.go:78.3,78.49 1 1
gopkg.aoctech.app/billing/api/internal/repositories/retention.go:80.2,80.28 1 1
gopkg.aoctech.app/billing/api/internal/repositories/retention.go:84.2,85.1 1 5
gopkg.aoctech.app/billing/api/internal/repositories/rows.go:31.2,33.1 2 0
gopkg.aoctech.app/billing/api/internal/repositories/rows.go:96.2,99.1 3 0
gopkg.aoctech.app/billing/api/internal/repositories/rows.go:204.2,204.13 1 0
gopkg.aoctech.app/billing/api/internal/repositories/rows.go:205.3,206.1 1 0
gopkg.aoctech.app/billing/api/internal/repositories/rows.go:207.2,207.43 1 0
gopkg.aoctech.app/billing/api/internal/repositories/schema.go:52.2,53.55 2 1
gopkg.aoctech.app/billing/api/internal/repositories/schema.go:56.3,56.71 1 0
gopkg.aoctech.app/billing/api/internal/repositories/schema.go:58.2,58.10 1 1
gopkg.aoctech.app/billing/api/internal/repositories/schema.go:62.41,62.57 1 27
gopkg.aoctech.app/billing/api/internal/repositories/schema.go:67.2,68.28 2 0
gopkg.aoctech.app/billing/api/internal/repositories/schema.go:69.3,70.1 1 0
gopkg.aoctech.app/billing/api/internal/repositories/schema.go:71.2,72.12 2 0
gopkg.aoctech.app/billing/api/internal/repositories/schema.go:79.2,80.9 2 12
gopkg.aoctech.app/billing/api/internal/repositories/schema.go:81.3,82.1 1 1
gopkg.aoctech.app/billing/api/internal/repositories/schema.go:84.2,85.58 2 11
gopkg.aoctech.app/billing/api/internal/repositories/schema.go:86.3,90.1 1 40
gopkg.aoctech.app/billing/api/internal/repositories/schema.go:92.2,93.32 2 11
gopkg.aoctech.app/billing/api/internal/repositories/schema.go:94.3,99.1 1 11
gopkg.aoctech.app/billing/api/internal/repositories/schema.go:101.2,106.1 2 11
gopkg.aoctech.app/billing/api/internal/repositories/schema.go:107.2,107.19 2 11
gopkg.aoctech.app/billing/api/internal/repositories/schema.go:108.3,109.1 1 7
gopkg.aoctech.app/billing/api/internal/repositories/schema.go:110.2,110.16 1 11
gopkg.aoctech.app/billing/api/internal/repositories/schema.go:114.2,116.1 2 22
gopkg.aoctech.app/billing/api/internal/repositories/schema.go:117.2,117.15 2 22
gopkg.aoctech.app/billing/api/internal/repositories/schema.go:118.3,121.1 1 22
gopkg.aoctech.app/billing/api/internal/repositories/schema.go:122.2,122.12 1 22
gopkg.aoctech.app/billing/api/internal/repositories/schema.go:126.2,127.19 2 11
gopkg.aoctech.app/billing/api/internal/repositories/schema.go:128.3,129.1 1 40
gopkg.aoctech.app/billing/api/internal/repositories/schema.go:130.2,131.12 2 11
gopkg.aoctech.app/billing/api/internal/repositories/schema.go:140.2,140.39 1 0
gopkg.aoctech.app/billing/api/internal/repositories/schema.go:141.3,142.17 2 0
gopkg.aoctech.app/billing/api/internal/repositories/schema.go:143.4,144.1 1 0
gopkg.aoctech.app/billing/api/internal/repositories/schema.go:145.3,147.45 3 0
gopkg.aoctech.app/billing/api/internal/repositories/schema.go:148.4,149.1 1 0
gopkg.aoctech.app/billing/api/internal/repositories/schema.go:151.2,151.12 1 0
gopkg.aoctech.app/billing/api/internal/repositories/subscriptions.go:26.2,30.1 1 0
gopkg.aoctech.app/billing/api/internal/repositories/subscriptions.go:35.58,35.87 1 0
gopkg.aoctech.app/billing/api/internal/repositories/subscriptions.go:57.2,58.1 1 0
gopkg.aoctech.app/billing/api/internal/repositories/subscriptions.go:61.2,65.1 3 0
gopkg.aoctech.app/billing/api/internal/repositories/subscriptions.go:66.2,70.1 3 0
gopkg.aoctech.app/billing/api/internal/repositories/subscriptions.go:78.2,78.48 1 0
gopkg.aoctech.app/billing/api/internal/repositories/subscriptions.go:79.3,80.1 1 0
gopkg.aoctech.app/billing/api/internal/repositories/subscriptions.go:81.2,81.46 1 0
gopkg.aoctech.app/billing/api/internal/repositories/subscriptions.go:82.3,83.1 1 0
gopkg.aoctech.app/billing/api/internal/repositories/subscriptions.go:84.2,84.21 1 0
gopkg.aoctech.app/billing/api/internal/repositories/subscriptions.go:85.3,86.1 1 0
gopkg.aoctech.app/billing/api/internal/repositories/subscriptions.go:92.2,94.16 3 0
gopkg.aoctech.app/billing/api/internal/repositories/subscriptions.go:95.3,96.1 1 0
gopkg.aoctech.app/billing/api/internal/repositories/subscriptions.go:97.2,98.1 2 0
gopkg.aoctech.app/billing/api/internal/repositories/subscriptions.go:99.2,99.27 2 0
gopkg.aoctech.app/billing/api/internal/repositories/subscriptions.go:100.3,100.39 1 0
gopkg.aoctech.app/billing/api/internal/repositories/subscriptions.go:101.4,102.1 1 0
gopkg.aoctech.app/billing/api/internal/repositories/subscriptions.go:103.3,107.17 2 0
gopkg.aoctech.app/billing/api/internal/repositories/subscriptions.go:108.4,109.1 1 0
gopkg.aoctech.app/billing/api/internal/repositories/subscriptions.go:110.3,110.66 1 0
gopkg.aoctech.app/billing/api/internal/repositories/subscriptions.go:117.2,119.16 2 0
gopkg.aoctech.app/billing/api/internal/repositories/subscriptions.go:120.3,121.1 1 0
gopkg.aoctech.app/billing/api/internal/repositories/subscriptions.go:122.2,123.1 3 0
gopkg.aoctech.app/billing/api/internal/repositories/subscriptions.go:124.2,125.28 3 0
gopkg.aoctech.app/billing/api/internal/repositories/subscriptions.go:126.3,127.1 1 0
gopkg.aoctech.app/billing/api/internal/repositories/subscriptions.go:128.2,128.12 1 0
gopkg.aoctech.app/billing/api/internal/repositories/subscriptions.go:136.2,142.16 2 0
gopkg.aoctech.app/billing/api/internal/repositories/subscriptions.go:143.3,144.1 1 0
gopkg.aoctech.app/billing/api/internal/repositories/subscriptions.go:145.2,146.16 2 0
gopkg.aoctech.app/billing/api/internal/repositories/subscriptions.go:147.3,148.1 1 0
gopkg.aoctech.app/billing/api/internal/repositories/subscriptions.go:149.2,150.27 2 0
gopkg.aoctech.app/billing/api/internal/repositories/subscriptions.go:151.3,152.1 1 0
gopkg.aoctech.app/billing/api/internal/repositories/subscriptions.go:153.2,153.17 1 0
gopkg.aoctech.app/billing/api/internal/repositories/subscriptions.go:158.2,159.16 2 0
gopkg.aoctech.app/billing/api/internal/repositories/subscriptions.go:160.3,161.1 1 0
gopkg.aoctech.app/billing/api/internal/repositories/subscriptions.go:162.2,162.17 1 0
gopkg.aoctech.app/billing/api/internal/repositories/subscriptions.go:163.3,164.1 1 0
gopkg.aoctech.app/billing/api/internal/repositories/subscriptions.go:165.2,166.16 2 0
gopkg.aoctech.app/billing/api/internal/repositories/subscriptions.go:167.3,168.1 1 0
gopkg.aoctech.app/billing/api/internal/repositories/subscriptions.go:169.2,170.18 2 0
gopkg.aoctech.app/billing/api/internal/repositories/subscriptions.go:187.2,189.16 3 0
gopkg.aoctech.app/billing/api/internal/repositories/subscriptions.go:190.3,191.1 1 0
gopkg.aoctech.app/billing/api/internal/repositories/subscriptions.go:193.2,195.1 3 0
gopkg.aoctech.app/billing/api/internal/repositories/subscriptions.go:197.2,197.42 3 0
gopkg.aoctech.app/billing/api/internal/repositories/subscriptions.go:198.3,199.1 1 0
gopkg.aoctech.app/billing/api/internal/repositories/subscriptions.go:200.2,200.25 1 0
gopkg.aoctech.app/billing/api/internal/repositories/subscriptions.go:201.3,203.1 2 0
gopkg.aoctech.app/billing/api/internal/repositories/subscriptions.go:207.3,208.1 1 0
gopkg.aoctech.app/billing/api/internal/repositories/subscriptions.go:210.2,229.1 2 0
gopkg.aoctech.app/billing/api/internal/repositories/subscriptions.go:230.2,230.73 2 0
gopkg.aoctech.app/billing/api/internal/repositories/subscriptions.go:231.3,232.1 1 0
gopkg.aoctech.app/billing/api/internal/repositories/subscriptions.go:233.2,234.20 2 0
gopkg.aoctech.app/billing/api/internal/repositories/subscriptions.go:268.2,268.24 1 0
gopkg.aoctech.app/billing/api/internal/repositories/subscriptions.go:269.3,270.1 1 0
gopkg.aoctech.app/billing/api/internal/repositories/subscriptions.go:272.2,276.16 5 0
gopkg.aoctech.app/billing/api/internal/repositories/subscriptions.go:277.3,278.1 1 0
gopkg.aoctech.app/billing/api/internal/repositories/subscriptions.go:280.2,282.30 3 0
gopkg.aoctech.app/billing/api/internal/repositories/subscriptions.go:283.3,284.1 1 0
gopkg.aoctech.app/billing/api/internal/repositories/subscriptions.go:285.2,285.30 1 0
gopkg.aoctech.app/billing/api/internal/repositories/subscriptions.go:286.3,286.39 1 0
gopkg.aoctech.app/billing/api/internal/repositories/subscriptions.go:287.4,288.1 1 0
gopkg.aoctech.app/billing/api/internal/repositories/subscriptions.go:289.3,293.17 2 0
gopkg.aoctech.app/billing/api/internal/repositories/subscriptions.go:294.4,295.1 1 0
gopkg.aoctech.app/billing/api/internal/repositories/subscriptions.go:296.3,296.64 1 0
gopkg.aoctech.app/billing/api/internal/repositories/subscriptions.go:299.2,330.1 2 0
gopkg.aoctech.app/billing/api/internal/repositories/subscriptions.go:331.2,331.86 2 0
gopkg.aoctech.app/billing/api/internal/repositories/subscriptions.go:332.3,333.1 1 0
gopkg.aoctech.app/billing/api/internal/repositories/subscriptions.go:334.2,335.12 2 0
gopkg.aoctech.app/billing/api/internal/repositories/subscriptions.go:340.2,341.27 2 0
gopkg.aoctech.app/billing/api/internal/repositories/subscriptions.go:342.3,343.1 1 0
gopkg.aoctech.app/billing/api/internal/repositories/subscriptions.go:344.2,344.12 1 0
gopkg.aoctech.app/billing/api/internal/repositories/subscriptions.go:357.2,365.16 2 0
gopkg.aoctech.app/billing/api/internal/repositories/subscriptions.go:366.3,367.1 1 0
gopkg.aoctech.app/billing/api/internal/repositories/subscriptions.go:368.2,369.16 2 0
gopkg.aoctech.app/billing/api/internal/repositories/subscriptions.go:370.3,371.1 1 0
gopkg.aoctech.app/billing/api/internal/repositories/subscriptions.go:372.2,373.27 2 0
gopkg.aoctech.app/billing/api/internal/repositories/subscriptions.go:375.3,375.36 1 0
gopkg.aoctech.app/billing/api/internal/repositories/subscriptions.go:376.4,376.12 1 0
gopkg.aoctech.app/billing/api/internal/repositories/subscriptions.go:378.3,378.34 1 0
gopkg.aoctech.app/billing/api/internal/repositories/subscriptions.go:380.2,380.17 1 0
gopkg.aoctech.app/billing/api/internal/repositories/subscriptions.go:395.2,397.50 1 0
gopkg.aoctech.app/billing/api/internal/repositories/subscriptions.go:397.52,397.73 1 0
gopkg.aoctech.app/billing/api/internal/repositories/subscriptions.go:414.2,414.17 1 0
gopkg.aoctech.app/billing/api/internal/repositories/subscriptions.go:415.3,416.1 1 0
gopkg.aoctech.app/billing/api/internal/repositories/subscriptions.go:417.2,417.25 1 0
gopkg.aoctech.app/billing/api/internal/repositories/subscriptions.go:418.3,419.1 1 0
gopkg.aoctech.app/billing/api/internal/repositories/subscriptions.go:420.2,447.1 2 0
gopkg.aoctech.app/billing/api/internal/repositories/subscriptions.go:448.2,448.97 2 0
gopkg.aoctech.app/billing/api/internal/repositories/subscriptions.go:451.3,452.1 1 0
gopkg.aoctech.app/billing/api/internal/repositories/subscriptions.go:453.2,453.73 1 0
gopkg.aoctech.app/billing/api/internal/repositories/subscriptions.go:454.3,455.1 1 0
gopkg.aoctech.app/billing/api/internal/repositories/subscriptions.go:456.2,457.12 2 0
gopkg.aoctech.app/billing/api/internal/repositories/subscriptions.go:467.2,476.16 2 0
gopkg.aoctech.app/billing/api/internal/repositories/subscriptions.go:477.3,478.1 1 0
gopkg.aoctech.app/billing/api/internal/repositories/subscriptions.go:479.2,480.16 2 0
gopkg.aoctech.app/billing/api/internal/repositories/subscriptions.go:481.3,482.1 1 0
gopkg.aoctech.app/billing/api/internal/repositories/subscriptions.go:483.2,484.27 2 0
gopkg.aoctech.app/billing/api/internal/repositories/subscriptions.go:485.3,486.1 1 0
gopkg.aoctech.app/billing/api/internal/repositories/subscriptions.go:487.2,487.93 1 0
gopkg.aoctech.app/billing/api/internal/repositories/subscriptions.go:492.2,493.1 1 0
gopkg.aoctech.app/billing/api/internal/repositories/transition.go:77.2,82.1 1 0
gopkg.aoctech.app/billing/api/internal/repositories/transition.go:86.2,91.1 1 0
gopkg.aoctech.app/billing/api/internal/repositories/transition.go:127.2,128.1 1 0
gopkg.aoctech.app/billing/api/internal/repositories/transition.go:146.2,147.16 2 0
gopkg.aoctech.app/billing/api/internal/repositories/transition.go:148.3,149.1 1 0
gopkg.aoctech.app/billing/api/internal/repositories/transition.go:150.2,151.16 2 0
gopkg.aoctech.app/billing/api/internal/repositories/transition.go:152.3,153.1 1 0
gopkg.aoctech.app/billing/api/internal/repositories/transition.go:154.2,156.1 4 0
gopkg.aoctech.app/billing/api/internal/repositories/transition.go:157.2,158.28 4 0
gopkg.aoctech.app/billing/api/internal/repositories/transition.go:159.3,160.1 1 0
gopkg.aoctech.app/billing/api/internal/repositories/transition.go:161.2,161.12 1 0
gopkg.aoctech.app/billing/api/internal/repositories/transition.go:170.2,176.16 2 0
gopkg.aoctech.app/billing/api/internal/repositories/transition.go:177.3,178.1 1 0
gopkg.aoctech.app/billing/api/internal/repositories/transition.go:179.2,179.22 1 0
gopkg.aoctech.app/billing/api/internal/repositories/transition.go:188.2,188.22 1 0
gopkg.aoctech.app/billing/api/internal/repositories/transition.go:189.3,190.1 1 0
gopkg.aoctech.app/billing/api/internal/repositories/transition.go:191.2,191.56 1 0
gopkg.aoctech.app/billing/api/internal/repositories/transition.go:192.3,193.1 1 0
gopkg.aoctech.app/billing/api/internal/repositories/transition.go:195.2,196.27 2 0
gopkg.aoctech.app/billing/api/internal/repositories/transition.go:197.3,210.1 5 0
gopkg.aoctech.app/billing/api/internal/repositories/transition.go:211.3,218.1 5 0
gopkg.aoctech.app/billing/api/internal/repositories/transition.go:219.3,220.17 5 0
gopkg.aoctech.app/billing/api/internal/repositories/transition.go:221.4,222.1 1 0
gopkg.aoctech.app/billing/api/internal/repositories/transition.go:223.3,223.57 1 0
gopkg.aoctech.app/billing/api/internal/repositories/transition.go:225.2,225.17 1 0
gopkg.aoctech.app/billing/api/internal/repositories/transition.go:229.2,229.32 1 0
gopkg.aoctech.app/billing/api/internal/repositories/transition.go:230.3,231.1 1 0
gopkg.aoctech.app/billing/api/internal/repositories/transition.go:232.2,232.25 1 0
gopkg.aoctech.app/billing/api/internal/repositories/transition.go:235.3,236.1 1 0
gopkg.aoctech.app/billing/api/internal/repositories/transition.go:238.2,239.17 2 0
gopkg.aoctech.app/billing/api/internal/repositories/transition.go:240.3,241.1 1 0
gopkg.aoctech.app/billing/api/internal/repositories/transition.go:242.2,247.1 4 0
gopkg.aoctech.app/billing/api/internal/repositories/transition.go:248.2,249.1 4 0
gopkg.aoctech.app/billing/api/internal/repositories/transition.go:251.2,251.40 4 0
gopkg.aoctech.app/billing/api/internal/repositories/transition.go:252.3,256.1 4 0
gopkg.aoctech.app/billing/api/internal/repositories/transition.go:258.2,259.23 2 0
gopkg.aoctech.app/billing/api/internal/repositories/transition.go:260.3,261.33 2 0
gopkg.aoctech.app/billing/api/internal/repositories/transition.go:262.4,265.1 3 0
gopkg.aoctech.app/billing/api/internal/repositories/transition.go:266.3,266.51 1 0
gopkg.aoctech.app/billing/api/internal/repositories/transition.go:269.2,274.1 3 0
gopkg.aoctech.app/billing/api/internal/repositories/transition.go:275.2,276.16 3 0
gopkg.aoctech.app/billing/api/internal/repositories/transition.go:277.3,278.1 1 0
gopkg.aoctech.app/billing/api/internal/repositories/transition.go:279.2,279.88 1 0
gopkg.aoctech.app/billing/api/internal/repositories/transition.go:285.2,285.20 1 0
gopkg.aoctech.app/billing/api/internal/repositories/transition.go:286.3,287.1 1 0
gopkg.aoctech.app/billing/api/internal/repositories/transition.go:288.2,288.19 1 0
gopkg.aoctech.app/billing/api/internal/repositories/transition.go:289.3,290.1 1 0
gopkg.aoctech.app/billing/api/internal/repositories/transition.go:291.2,310.1 3 0
gopkg.aoctech.app/billing/api/internal/repositories/transition.go:311.2,311.20 3 0
gopkg.aoctech.app/billing/api/internal/repositories/transition.go:315.2,316.19 2 0
gopkg.aoctech.app/billing/api/internal/repositories/transition.go:317.3,318.1 1 0
gopkg.aoctech.app/billing/api/internal/repositories/transition.go:319.2,320.12 2 0
gopkg.aoctech.app/billing/api/internal/repositories/usage.go:31.2,32.1 1 0
gopkg.aoctech.app/billing/api/internal/repositories/usage.go:42.2,42.37 1 0
gopkg.aoctech.app/billing/api/internal/repositories/usage.go:43.3,44.1 1 0
gopkg.aoctech.app/billing/api/internal/repositories/usage.go:45.2,54.16 2 0
gopkg.aoctech.app/billing/api/internal/repositories/usage.go:55.3,56.1 1 0
gopkg.aoctech.app/billing/api/internal/repositories/usage.go:57.2,58.28 2 0
gopkg.aoctech.app/billing/api/internal/repositories/usage.go:59.3,60.1 1 0
gopkg.aoctech.app/billing/api/internal/repositories/usage.go:61.2,61.12 1 0
gopkg.aoctech.app/billing/api/internal/repositories/usage.go:76.2,79.1 4 0
gopkg.aoctech.app/billing/api/internal/repositories/usage.go:80.2,80.6 4 0
gopkg.aoctech.app/billing/api/internal/repositories/usage.go:81.3,87.17 2 0
gopkg.aoctech.app/billing/api/internal/repositories/usage.go:88.4,89.1 1 0
gopkg.aoctech.app/billing/api/internal/repositories/usage.go:90.3,91.17 2 0
gopkg.aoctech.app/billing/api/internal/repositories/usage.go:92.4,93.1 1 0
gopkg.aoctech.app/billing/api/internal/repositories/usage.go:94.3,94.28 1 0
gopkg.aoctech.app/billing/api/internal/repositories/usage.go:95.4,96.1 1 0
gopkg.aoctech.app/billing/api/internal/repositories/usage.go:97.3,97.34 1 0
gopkg.aoctech.app/billing/api/internal/repositories/usage.go:98.4,99.1 1 0
gopkg.aoctech.app/billing/api/internal/repositories/usage.go:100.3,100.34 1 0
gopkg.aoctech.app/billing/api/internal/repositories/webhooks.go:32.2,35.1 1 0
gopkg.aoctech.app/billing/api/internal/repositories/webhooks.go:42.2,42.20 1 0
gopkg.aoctech.app/billing/api/internal/repositories/webhooks.go:43.3,44.1 1 0
gopkg.aoctech.app/billing/api/internal/repositories/webhooks.go:45.2,45.37 1 0
gopkg.aoctech.app/billing/api/internal/repositories/webhooks.go:46.3,47.1 1 0
gopkg.aoctech.app/billing/api/internal/repositories/webhooks.go:48.2,51.1 3 0
gopkg.aoctech.app/billing/api/internal/repositories/webhooks.go:52.2,53.16 3 0
gopkg.aoctech.app/billing/api/internal/repositories/webhooks.go:54.3,55.1 1 0
gopkg.aoctech.app/billing/api/internal/repositories/webhooks.go:56.2,57.1 3 0
gopkg.aoctech.app/billing/api/internal/repositories/webhooks.go:58.2,59.16 3 0
gopkg.aoctech.app/billing/api/internal/repositories/webhooks.go:60.3,61.1 1 0
gopkg.aoctech.app/billing/api/internal/repositories/webhooks.go:62.2,63.28 2 0
gopkg.aoctech.app/billing/api/internal/repositories/webhooks.go:64.3,65.1 1 0
gopkg.aoctech.app/billing/api/internal/repositories/webhooks.go:66.2,66.12 1 0
gopkg.aoctech.app/billing/api/internal/repositories/webhooks.go:71.2,72.16 2 0
gopkg.aoctech.app/billing/api/internal/repositories/webhooks.go:73.3,74.1 1 0
gopkg.aoctech.app/billing/api/internal/repositories/webhooks.go:75.2,75.17 1 0
gopkg.aoctech.app/billing/api/internal/repositories/webhooks.go:76.3,77.1 1 0
gopkg.aoctech.app/billing/api/internal/repositories/webhooks.go:78.2,79.16 2 0
gopkg.aoctech.app/billing/api/internal/repositories/webhooks.go:80.3,81.1 1 0
gopkg.aoctech.app/billing/api/internal/repositories/webhooks.go:82.2,82.28 1 0
gopkg.aoctech.app/billing/api/internal/repositories/webhooks.go:89.2,94.16 2 0
gopkg.aoctech.app/billing/api/internal/repositories/webhooks.go:95.3,96.1 1 0
gopkg.aoctech.app/billing/api/internal/repositories/webhooks.go:97.2,98.16 2 0
gopkg.aoctech.app/billing/api/internal/repositories/webhooks.go:99.3,100.1 1 0
gopkg.aoctech.app/billing/api/internal/repositories/webhooks.go:101.2,102.22 2 0
gopkg.aoctech.app/billing/api/internal/repositories/webhooks.go:103.3,104.17 2 0
gopkg.aoctech.app/billing/api/internal/repositories/webhooks.go:105.4,106.1 1 0
gopkg.aoctech.app/billing/api/internal/repositories/webhooks.go:107.3,107.24 1 0
gopkg.aoctech.app/billing/api/internal/repositories/webhooks.go:109.2,109.17 1 0
gopkg.aoctech.app/billing/api/internal/repositories/webhooks.go:113.2,115.16 3 0
gopkg.aoctech.app/billing/api/internal/repositories/webhooks.go:116.3,117.1 1 0
gopkg.aoctech.app/billing/api/internal/repositories/webhooks.go:118.2,119.16 2 0
gopkg.aoctech.app/billing/api/internal/repositories/webhooks.go:130.2,131.9 2 0
gopkg.aoctech.app/billing/api/internal/repositories/webhooks.go:133.3,133.24 1 0
gopkg.aoctech.app/billing/api/internal/repositories/webhooks.go:134.4,135.1 1 0
gopkg.aoctech.app/billing/api/internal/repositories/webhooks.go:136.3,136.29 1 0
gopkg.aoctech.app/billing/api/internal/repositories/webhooks.go:138.3,140.35 3 0
gopkg.aoctech.app/billing/api/internal/repositories/webhooks.go:141.4,143.1 2 0
gopkg.aoctech.app/billing/api/internal/repositories/webhooks.go:145.2,150.12 2 0
gopkg.aoctech.app/billing/api/internal/repositories/webhooks.go:163.2,163.24 1 0
gopkg.aoctech.app/billing/api/internal/repositories/webhooks.go:164.3,165.1 1 0
gopkg.aoctech.app/billing/api/internal/repositories/webhooks.go:166.2,174.1 3 0
gopkg.aoctech.app/billing/api/internal/repositories/webhooks.go:175.2,176.16 3 0
gopkg.aoctech.app/billing/api/internal/repositories/webhooks.go:177.3,178.1 1 0
gopkg.aoctech.app/billing/api/internal/repositories/webhooks.go:179.2,179.49 1 0
gopkg.aoctech.app/billing/api/internal/repositories/webhooks.go:188.2,196.16 2 0
gopkg.aoctech.app/billing/api/internal/repositories/webhooks.go:197.3,198.1 1 0
gopkg.aoctech.app/billing/api/internal/repositories/webhooks.go:199.2,200.16 2 0
gopkg.aoctech.app/billing/api/internal/repositories/webhooks.go:201.3,202.1 1 0
gopkg.aoctech.app/billing/api/internal/repositories/webhooks.go:203.2,204.27 2 0
gopkg.aoctech.app/billing/api/internal/repositories/webhooks.go:205.3,206.1 1 0
gopkg.aoctech.app/billing/api/internal/repositories/webhooks.go:207.2,207.17 1 0
gopkg.aoctech.app/billing/api/internal/repositories/webhooks.go:219.2,220.1 3 0
gopkg.aoctech.app/billing/api/internal/repositories/webhooks.go:221.2,222.30 3 0
gopkg.aoctech.app/billing/api/internal/repositories/webhooks.go:223.3,235.1 3 0
gopkg.aoctech.app/billing/api/internal/repositories/webhooks.go:236.3,237.17 3 0
gopkg.aoctech.app/billing/api/internal/repositories/webhooks.go:238.4,239.1 1 0
gopkg.aoctech.app/billing/api/internal/repositories/webhooks.go:240.3,240.63 1 0
gopkg.aoctech.app/billing/api/internal/repositories/webhooks.go:243.2,253.1 3 0
gopkg.aoctech.app/billing/api/internal/repositories/webhooks.go:254.2,255.28 3 0
gopkg.aoctech.app/billing/api/internal/repositories/webhooks.go:257.3,258.1 1 0
gopkg.aoctech.app/billing/api/internal/repositories/webhooks.go:259.2,259.28 1 0
gopkg.aoctech.app/billing/api/internal/repositories/webhooks.go:277.2,285.16 2 0
gopkg.aoctech.app/billing/api/internal/repositories/webhooks.go:286.3,287.1 1 0
gopkg.aoctech.app/billing/api/internal/repositories/webhooks.go:288.2,289.16 2 0
gopkg.aoctech.app/billing/api/internal/repositories/webhooks.go:290.3,291.1 1 0
gopkg.aoctech.app/billing/api/internal/repositories/webhooks.go:293.2,294.27 2 0
gopkg.aoctech.app/billing/api/internal/repositories/webhooks.go:295.3,296.17 2 0
gopkg.aoctech.app/billing/api/internal/repositories/webhooks.go:301.4,301.12 1 0
gopkg.aoctech.app/billing/api/internal/repositories/webhooks.go:303.3,303.69 1 0
gopkg.aoctech.app/billing/api/internal/repositories/webhooks.go:305.2,305.17 1 0
gopkg.aoctech.app/billing/api/internal/repositories/webhooks.go:310.2,311.16 2 0
gopkg.aoctech.app/billing/api/internal/repositories/webhooks.go:312.3,313.1 1 0
gopkg.aoctech.app/billing/api/internal/repositories/webhooks.go:314.2,314.17 1 0
gopkg.aoctech.app/billing/api/internal/repositories/webhooks.go:315.3,316.1 1 0
gopkg.aoctech.app/billing/api/internal/repositories/webhooks.go:317.2,318.16 2 0
gopkg.aoctech.app/billing/api/internal/repositories/webhooks.go:319.3,320.1 1 0
gopkg.aoctech.app/billing/api/internal/repositories/webhooks.go:321.2,321.24 1 0
gopkg.aoctech.app/billing/api/internal/repositories/webhooks.go:326.2,338.1 3 0
gopkg.aoctech.app/billing/api/internal/repositories/webhooks.go:339.2,345.1 3 0
gopkg.aoctech.app/billing/api/internal/repositories/webhooks.go:353.2,358.1 3 0
gopkg.aoctech.app/billing/api/internal/repositories/webhooks.go:359.2,359.20 3 0
gopkg.aoctech.app/billing/api/internal/repositories/webhooks.go:360.3,361.1 1 0
gopkg.aoctech.app/billing/api/internal/repositories/webhooks.go:363.2,363.45 1 0
gopkg.aoctech.app/billing/api/internal/repositories/webhooks.go:364.3,368.1 4 0
gopkg.aoctech.app/billing/api/internal/repositories/webhooks.go:369.3,372.1 4 0
gopkg.aoctech.app/billing/api/internal/repositories/webhooks.go:375.3,376.1 4 0
gopkg.aoctech.app/billing/api/internal/repositories/webhooks.go:378.2,383.12 2 0
gopkg.aoctech.app/billing/api/internal/repositories/webhooks.go:389.2,394.16 2 0
gopkg.aoctech.app/billing/api/internal/repositories/webhooks.go:395.3,396.1 1 0
gopkg.aoctech.app/billing/api/internal/repositories/webhooks.go:397.2,398.16 2 0
gopkg.aoctech.app/billing/api/internal/repositories/webhooks.go:399.3,400.1 1 0
gopkg.aoctech.app/billing/api/internal/repositories/webhooks.go:401.2,402.27 2 0
gopkg.aoctech.app/billing/api/internal/repositories/webhooks.go:403.3,404.1 1 0
gopkg.aoctech.app/billing/api/internal/repositories/webhooks.go:405.2,405.17 1 0
gopkg.aoctech.app/billing/api/internal/repositories/webhooks.go:409.2,409.17 1 0
gopkg.aoctech.app/billing/api/internal/repositories/webhooks.go:410.3,411.1 1 0
gopkg.aoctech.app/billing/api/internal/repositories/webhooks.go:412.2,412.14 1 0
gopkg.aoctech.app/billing/api/internal/config/config.go:141.2,142.40 2 0
gopkg.aoctech.app/billing/api/internal/config/config.go:143.3,144.1 1 0
gopkg.aoctech.app/billing/api/internal/config/config.go:148.2,148.57 1 0
gopkg.aoctech.app/billing/api/internal/config/config.go:149.3,150.1 1 0
gopkg.aoctech.app/billing/api/internal/config/config.go:155.2,155.59 1 0
gopkg.aoctech.app/billing/api/internal/config/config.go:156.3,157.1 1 0
gopkg.aoctech.app/billing/api/internal/config/config.go:158.2,158.18 1 0
gopkg.aoctech.app/billing/api/internal/services/collecting.go:87.2,89.1 2 0
gopkg.aoctech.app/billing/api/internal/services/collecting.go:106.2,113.1 1 0
gopkg.aoctech.app/billing/api/internal/services/collecting.go:120.2,121.1 1 0
gopkg.aoctech.app/billing/api/internal/services/collecting.go:143.2,143.15 1 0
gopkg.aoctech.app/billing/api/internal/services/collecting.go:144.3,145.1 1 0
gopkg.aoctech.app/billing/api/internal/services/collecting.go:146.2,147.16 2 0
gopkg.aoctech.app/billing/api/internal/services/collecting.go:148.3,149.1 1 0
gopkg.aoctech.app/billing/api/internal/services/collecting.go:150.2,150.39 1 0
gopkg.aoctech.app/billing/api/internal/services/collecting.go:151.3,152.1 1 0
gopkg.aoctech.app/billing/api/internal/services/collecting.go:154.2,155.16 2 0
gopkg.aoctech.app/billing/api/internal/services/collecting.go:156.3,157.1 1 0
gopkg.aoctech.app/billing/api/internal/services/collecting.go:158.2,158.45 1 0
gopkg.aoctech.app/billing/api/internal/services/collecting.go:159.3,160.1 1 0
gopkg.aoctech.app/billing/api/internal/services/collecting.go:166.2,167.16 2 0
gopkg.aoctech.app/billing/api/internal/services/collecting.go:168.3,169.1 1 0
gopkg.aoctech.app/billing/api/internal/services/collecting.go:170.2,170.46 1 0
gopkg.aoctech.app/billing/api/internal/services/collecting.go:171.3,172.1 1 0
gopkg.aoctech.app/billing/api/internal/services/collecting.go:174.2,175.16 2 0
gopkg.aoctech.app/billing/api/internal/services/collecting.go:176.3,177.1 1 0
gopkg.aoctech.app/billing/api/internal/services/collecting.go:178.2,178.27 1 0
gopkg.aoctech.app/billing/api/internal/services/collecting.go:179.3,180.1 1 0
gopkg.aoctech.app/billing/api/internal/services/collecting.go:182.2,183.16 2 0
gopkg.aoctech.app/billing/api/internal/services/collecting.go:184.3,185.1 1 0
gopkg.aoctech.app/billing/api/internal/services/collecting.go:186.2,195.1 3 0
gopkg.aoctech.app/billing/api/internal/services/collecting.go:197.2,204.16 3 0
gopkg.aoctech.app/billing/api/internal/services/collecting.go:205.3,206.1 1 0
gopkg.aoctech.app/billing/api/internal/services/collecting.go:207.2,208.1 2 0
gopkg.aoctech.app/billing/api/internal/services/collecting.go:209.2,209.68 2 0
gopkg.aoctech.app/billing/api/internal/services/collecting.go:210.3,210.52 1 0
gopkg.aoctech.app/billing/api/internal/services/collecting.go:214.4,215.65 2 0
gopkg.aoctech.app/billing/api/internal/services/collecting.go:216.5,217.1 1 0
gopkg.aoctech.app/billing/api/internal/services/collecting.go:219.3,219.23 1 0
gopkg.aoctech.app/billing/api/internal/services/collecting.go:222.2,231.1 2 0
gopkg.aoctech.app/billing/api/internal/services/collecting.go:232.2,232.68 2 0
gopkg.aoctech.app/billing/api/internal/services/collecting.go:233.3,234.1 1 0
gopkg.aoctech.app/billing/api/internal/services/collecting.go:235.2,238.26 2 0
gopkg.aoctech.app/billing/api/internal/services/collecting.go:252.2,254.16 3 0
gopkg.aoctech.app/billing/api/internal/services/collecting.go:255.3,256.1 1 0
gopkg.aoctech.app/billing/api/internal/services/collecting.go:257.2,257.48 1 0
gopkg.aoctech.app/billing/api/internal/services/collecting.go:258.3,259.1 1 0
gopkg.aoctech.app/billing/api/internal/services/collecting.go:260.2,260.46 1 0
gopkg.aoctech.app/billing/api/internal/services/collecting.go:264.3,267.1 2 0
gopkg.aoctech.app/billing/api/internal/services/collecting.go:269.2,270.16 2 0
gopkg.aoctech.app/billing/api/internal/services/collecting.go:271.3,272.1 1 0
gopkg.aoctech.app/billing/api/internal/services/collecting.go:273.2,273.20 1 0
gopkg.aoctech.app/billing/api/internal/services/collecting.go:276.3,279.1 2 0
gopkg.aoctech.app/billing/api/internal/services/collecting.go:280.2,280.44 1 0
gopkg.aoctech.app/billing/api/internal/services/collecting.go:284.3,288.1 2 0
gopkg.aoctech.app/billing/api/internal/services/collecting.go:290.2,292.16 1 0
gopkg.aoctech.app/billing/api/internal/services/collecting.go:293.3,294.1 1 0
gopkg.aoctech.app/billing/api/internal/services/collecting.go:295.2,295.68 1 0
gopkg.aoctech.app/billing/api/internal/services/collecting.go:311.2,311.42 1 0
gopkg.aoctech.app/billing/api/internal/services/collecting.go:312.3,313.1 1 0
gopkg.aoctech.app/billing/api/internal/services/collecting.go:314.2,314.20 1 0
gopkg.aoctech.app/billing/api/internal/services/collecting.go:333.2,334.16 2 0
gopkg.aoctech.app/billing/api/internal/services/collecting.go:335.3,336.1 1 0
gopkg.aoctech.app/billing/api/internal/services/collecting.go:337.2,337.39 1 0
gopkg.aoctech.app/billing/api/internal/services/collecting.go:338.3,340.17 1 0
gopkg.aoctech.app/billing/api/internal/services/collecting.go:341.4,342.1 1 0
gopkg.aoctech.app/billing/api/internal/services/collecting.go:344.2,346.1 3 0
gopkg.aoctech.app/billing/api/internal/services/collecting.go:348.2,348.18 3 0
gopkg.aoctech.app/billing/api/internal/services/collecting.go:349.3,350.1 1 0
gopkg.aoctech.app/billing/api/internal/services/collecting.go:351.2,351.12 1 0
gopkg.aoctech.app/billing/api/internal/services/collecting.go:369.2,369.30 1 0
gopkg.aoctech.app/billing/api/internal/services/collecting.go:370.3,371.1 1 0
gopkg.aoctech.app/billing/api/internal/services/collecting.go:372.2,373.16 2 0
gopkg.aoctech.app/billing/api/internal/services/collecting.go:374.3,377.1 2 0
gopkg.aoctech.app/billing/api/internal/services/collecting.go:378.2,378.95 1 0
gopkg.aoctech.app/billing/api/internal/services/collecting.go:384.3,385.1 1 0
gopkg.aoctech.app/billing/api/internal/services/collecting.go:386.2,387.1 2 0
gopkg.aoctech.app/billing/api/internal/services/collecting.go:391.2,393.16 2 0
gopkg.aoctech.app/billing/api/internal/services/collecting.go:394.3,398.1 2 0
gopkg.aoctech.app/billing/api/internal/services/collecting.go:399.2,400.81 1 0
gopkg.aoctech.app/billing/api/internal/services/collecting.go:407.2,408.76 2 0
gopkg.aoctech.app/billing/api/internal/services/collecting.go:409.3,410.1 1 0
gopkg.aoctech.app/billing/api/internal/services/collecting.go:411.2,413.16 1 0
gopkg.aoctech.app/billing/api/internal/services/collecting.go:414.3,416.1 1 0
gopkg.aoctech.app/billing/api/internal/services/collecting.go:429.2,429.28 1 0
gopkg.aoctech.app/billing/api/internal/services/collecting.go:430.3,430.71 1 0
gopkg.aoctech.app/billing/api/internal/services/collecting.go:431.4,432.1 1 0
gopkg.aoctech.app/billing/api/internal/services/collecting.go:434.2,434.17 1 0
gopkg.aoctech.app/billing/api/internal/services/delivering.go:45.2,48.1 1 0
gopkg.aoctech.app/billing/api/internal/services/delivering.go:56.53,56.67 1 0
gopkg.aoctech.app/billing/api/internal/services/delivering.go:68.2,70.1 2 0
gopkg.aoctech.app/billing/api/internal/services/delivering.go:79.2,80.1 3 0
gopkg.aoctech.app/billing/api/internal/services/delivering.go:81.2,82.16 3 0
gopkg.aoctech.app/billing/api/internal/services/delivering.go:83.3,85.1 2 0
gopkg.aoctech.app/billing/api/internal/services/delivering.go:86.2,87.1 4 0
gopkg.aoctech.app/billing/api/internal/services/delivering.go:88.2,91.1 4 0
gopkg.aoctech.app/billing/api/internal/services/delivering.go:92.2,93.1 4 0
gopkg.aoctech.app/billing/api/internal/services/delivering.go:94.2,94.24 4 0
gopkg.aoctech.app/billing/api/internal/services/delivering.go:95.3,98.14 4 0
gopkg.aoctech.app/billing/api/internal/services/delivering.go:99.4,100.18 2 0
gopkg.aoctech.app/billing/api/internal/services/delivering.go:101.5,102.13 2 0
gopkg.aoctech.app/billing/api/internal/services/delivering.go:104.4,104.26 1 0
gopkg.aoctech.app/billing/api/internal/services/delivering.go:107.3,108.31 2 0
gopkg.aoctech.app/billing/api/internal/services/delivering.go:109.4,109.19 1 0
gopkg.aoctech.app/billing/api/internal/services/delivering.go:110.5,111.1 1 0
gopkg.aoctech.app/billing/api/internal/services/delivering.go:118.3,119.17 2 0
gopkg.aoctech.app/billing/api/internal/services/delivering.go:120.4,121.12 2 0
gopkg.aoctech.app/billing/api/internal/services/delivering.go:123.3,123.19 1 0
gopkg.aoctech.app/billing/api/internal/services/delivering.go:125.2,125.12 1 0
gopkg.aoctech.app/billing/api/internal/services/delivering.go:134.2,135.1 3 0
gopkg.aoctech.app/billing/api/internal/services/delivering.go:136.2,137.16 3 0
gopkg.aoctech.app/billing/api/internal/services/delivering.go:138.3,140.1 2 0
gopkg.aoctech.app/billing/api/internal/services/delivering.go:142.2,142.21 1 0
gopkg.aoctech.app/billing/api/internal/services/delivering.go:143.3,144.47 2 0
gopkg.aoctech.app/billing/api/internal/services/delivering.go:145.4,146.9 2 0
gopkg.aoctech.app/billing/api/internal/services/delivering.go:148.3,149.1 3 0
gopkg.aoctech.app/billing/api/internal/services/delivering.go:150.3,151.17 3 0
gopkg.aoctech.app/billing/api/internal/services/delivering.go:154.4,154.118 1 0
gopkg.aoctech.app/billing/api/internal/services/delivering.go:155.5,156.1 1 0
gopkg.aoctech.app/billing/api/internal/services/delivering.go:157.4,157.12 1 0
gopkg.aoctech.app/billing/api/internal/services/delivering.go:161.3,161.48 1 0
gopkg.aoctech.app/billing/api/internal/services/delivering.go:162.4,163.12 2 0
gopkg.aoctech.app/billing/api/internal/services/delivering.go:166.3,167.10 2 0
gopkg.aoctech.app/billing/api/internal/services/delivering.go:169.4,169.82 1 0
gopkg.aoctech.app/billing/api/internal/services/delivering.go:170.5,171.13 2 0
gopkg.aoctech.app/billing/api/internal/services/delivering.go:173.4,173.17 1 0
gopkg.aoctech.app/billing/api/internal/services/delivering.go:175.4,175.99 1 0
gopkg.aoctech.app/billing/api/internal/services/delivering.go:176.5,177.13 2 0
gopkg.aoctech.app/billing/api/internal/services/delivering.go:179.4,184.18 1 0
gopkg.aoctech.app/billing/api/internal/services/delivering.go:189.3,189.86 1 0
gopkg.aoctech.app/billing/api/internal/services/delivering.go:190.4,191.1 1 0
gopkg.aoctech.app/billing/api/internal/services/delivering.go:193.2,193.12 1 0
gopkg.aoctech.app/billing/api/internal/services/delivering.go:199.2,200.16 2 0
gopkg.aoctech.app/billing/api/internal/services/delivering.go:201.3,202.1 1 0
gopkg.aoctech.app/billing/api/internal/services/delivering.go:204.2,205.16 2 0
gopkg.aoctech.app/billing/api/internal/services/delivering.go:206.3,207.1 1 0
gopkg.aoctech.app/billing/api/internal/services/delivering.go:208.2,211.1 9 0
gopkg.aoctech.app/billing/api/internal/services/delivering.go:215.2,219.1 9 0
gopkg.aoctech.app/billing/api/internal/services/delivering.go:220.2,221.16 9 0
gopkg.aoctech.app/billing/api/internal/services/delivering.go:222.3,223.1 1 0
gopkg.aoctech.app/billing/api/internal/services/delivering.go:224.2,224.15 1 0
gopkg.aoctech.app/billing/api/internal/services/delivering.go:225.3,225.53 1 0
gopkg.aoctech.app/billing/api/internal/services/delivering.go:226.4,227.1 1 0
gopkg.aoctech.app/billing/api/internal/services/delivering.go:231.2,231.80 1 0
gopkg.aoctech.app/billing/api/internal/services/delivering.go:232.3,233.1 1 0
gopkg.aoctech.app/billing/api/internal/services/delivering.go:235.2,235.52 1 0
gopkg.aoctech.app/billing/api/internal/services/delivering.go:236.3,237.1 1 0
gopkg.aoctech.app/billing/api/internal/services/delivering.go:238.2,238.29 1 0
gopkg.aoctech.app/billing/api/internal/services/delivering.go:252.2,257.1 5 0
gopkg.aoctech.app/billing/api/internal/services/delivering.go:260.2,260.14 1 0
gopkg.aoctech.app/billing/api/internal/services/delivering.go:261.3,262.1 1 0
gopkg.aoctech.app/billing/api/internal/services/delivering.go:263.2,264.16 2 0
gopkg.aoctech.app/billing/api/internal/services/delivering.go:267.3,268.1 1 0
gopkg.aoctech.app/billing/api/internal/services/delivering.go:269.2,269.22 1 0
gopkg.aoctech.app/billing/api/internal/services/documents.go:38.2,39.1 1 0
gopkg.aoctech.app/billing/api/internal/services/documents.go:42.38,42.76 1 0
gopkg.aoctech.app/billing/api/internal/services/documents.go:56.2,56.18 1 0
gopkg.aoctech.app/billing/api/internal/services/documents.go:57.3,58.1 1 0
gopkg.aoctech.app/billing/api/internal/services/documents.go:59.2,59.59 1 0
gopkg.aoctech.app/billing/api/internal/services/documents.go:60.3,61.1 1 0
gopkg.aoctech.app/billing/api/internal/services/documents.go:63.2,64.1 2 0
gopkg.aoctech.app/billing/api/internal/services/documents.go:67.2,67.22 2 0
gopkg.aoctech.app/billing/api/internal/services/documents.go:68.3,69.1 1 0
gopkg.aoctech.app/billing/api/internal/services/documents.go:71.2,72.16 2 0
gopkg.aoctech.app/billing/api/internal/services/documents.go:73.3,74.1 1 0
gopkg.aoctech.app/billing/api/internal/services/documents.go:75.2,75.13 1 0
gopkg.aoctech.app/billing/api/internal/services/documents.go:76.3,76.54 1 0
gopkg.aoctech.app/billing/api/internal/services/documents.go:77.4,78.1 1 0
gopkg.aoctech.app/billing/api/internal/services/documents.go:81.2,81.80 1 0
gopkg.aoctech.app/billing/api/internal/services/documents.go:85.2,86.16 2 0
gopkg.aoctech.app/billing/api/internal/services/documents.go:87.3,88.1 1 0
gopkg.aoctech.app/billing/api/internal/services/documents.go:90.2,91.1 3 0
gopkg.aoctech.app/billing/api/internal/services/documents.go:98.2,99.16 3 0
gopkg.aoctech.app/billing/api/internal/services/documents.go:100.3,101.1 1 0
gopkg.aoctech.app/billing/api/internal/services/documents.go:102.2,108.1 3 0
gopkg.aoctech.app/billing/api/internal/services/documents.go:110.2,111.16 3 0
gopkg.aoctech.app/billing/api/internal/services/documents.go:112.3,113.1 1 0
gopkg.aoctech.app/billing/api/internal/services/documents.go:114.2,124.1 3 0
gopkg.aoctech.app/billing/api/internal/services/documents.go:126.2,127.16 3 0
gopkg.aoctech.app/billing/api/internal/services/documents.go:128.3,129.1 1 0
gopkg.aoctech.app/billing/api/internal/services/documents.go:130.2,130.51 1 0
gopkg.aoctech.app/billing/api/internal/services/documents.go:131.3,132.1 1 0
gopkg.aoctech.app/billing/api/internal/services/documents.go:135.2,135.52 1 0
gopkg.aoctech.app/billing/api/internal/services/dunning.go:46.2,47.1 1 0
gopkg.aoctech.app/billing/api/internal/services/dunning.go:60.2,61.1 1 0
gopkg.aoctech.app/billing/api/internal/services/dunning.go:69.2,70.1 3 0
gopkg.aoctech.app/billing/api/internal/services/dunning.go:71.2,72.16 3 0
gopkg.aoctech.app/billing/api/internal/services/dunning.go:73.3,75.1 2 0
gopkg.aoctech.app/billing/api/internal/services/dunning.go:76.2,77.1 2 0
gopkg.aoctech.app/billing/api/internal/services/dunning.go:78.2,78.28 2 0
gopkg.aoctech.app/billing/api/internal/services/dunning.go:79.3,80.53 2 0
gopkg.aoctech.app/billing/api/internal/services/dunning.go:81.4,82.1 1 0
gopkg.aoctech.app/billing/api/internal/services/dunning.go:84.2,84.12 1 0
gopkg.aoctech.app/billing/api/internal/services/dunning.go:93.2,93.39 1 0
gopkg.aoctech.app/billing/api/internal/services/dunning.go:94.3,96.1 2 0
gopkg.aoctech.app/billing/api/internal/services/dunning.go:98.2,99.9 2 0
gopkg.aoctech.app/billing/api/internal/services/dunning.go:101.3,103.1 2 0
gopkg.aoctech.app/billing/api/internal/services/dunning.go:105.2,106.16 2 0
gopkg.aoctech.app/billing/api/internal/services/dunning.go:108.3,108.49 1 0
gopkg.aoctech.app/billing/api/internal/services/dunning.go:112.4,113.1 1 0
gopkg.aoctech.app/billing/api/internal/services/dunning.go:114.3,115.17 2 0
gopkg.aoctech.app/billing/api/internal/services/dunning.go:118.3,118.80 1 0
gopkg.aoctech.app/billing/api/internal/services/dunning.go:119.4,120.1 1 0
gopkg.aoctech.app/billing/api/internal/services/dunning.go:121.3,121.18 1 0
gopkg.aoctech.app/billing/api/internal/services/dunning.go:124.3,124.50 1 0
gopkg.aoctech.app/billing/api/internal/services/dunning.go:125.4,126.1 1 0
gopkg.aoctech.app/billing/api/internal/services/dunning.go:127.3,127.18 1 0
gopkg.aoctech.app/billing/api/internal/services/dunning.go:130.2,130.92 1 0
gopkg.aoctech.app/billing/api/internal/services/dunning.go:131.3,131.61 1 0
gopkg.aoctech.app/billing/api/internal/services/dunning.go:133.4,134.1 1 0
gopkg.aoctech.app/billing/api/internal/services/dunning.go:135.3,135.13 1 0
gopkg.aoctech.app/billing/api/internal/services/dunning.go:137.2,137.12 1 0
gopkg.aoctech.app/billing/api/internal/services/dunning.go:141.2,142.16 2 0
gopkg.aoctech.app/billing/api/internal/services/dunning.go:143.3,144.1 1 0
gopkg.aoctech.app/billing/api/internal/services/dunning.go:145.2,145.49 1 0
gopkg.aoctech.app/billing/api/internal/services/dunning.go:148.3,150.1 2 0
gopkg.aoctech.app/billing/api/internal/services/dunning.go:152.2,153.15 2 0
gopkg.aoctech.app/billing/api/internal/services/dunning.go:156.3,157.1 1 0
gopkg.aoctech.app/billing/api/internal/services/dunning.go:159.2,161.13 3 0
gopkg.aoctech.app/billing/api/internal/services/dunning.go:162.3,163.1 1 0
gopkg.aoctech.app/billing/api/internal/services/dunning.go:165.2,173.4 1 0
gopkg.aoctech.app/billing/api/internal/services/dunning.go:182.2,182.30 1 0
gopkg.aoctech.app/billing/api/internal/services/dunning.go:183.3,184.1 1 0
gopkg.aoctech.app/billing/api/internal/services/dunning.go:185.2,186.16 2 0
gopkg.aoctech.app/billing/api/internal/services/dunning.go:187.3,188.1 1 0
gopkg.aoctech.app/billing/api/internal/services/dunning.go:189.2,189.22 1 0
gopkg.aoctech.app/billing/api/internal/services/dunning.go:190.3,191.1 1 0
gopkg.aoctech.app/billing/api/internal/services/dunning.go:195.2,196.40 2 0
gopkg.aoctech.app/billing/api/internal/services/dunning.go:197.3,198.1 1 0
gopkg.aoctech.app/billing/api/internal/services/dunning.go:215.2,215.50 1 0
gopkg.aoctech.app/billing/api/internal/services/dunning.go:216.3,216.41 1 0
gopkg.aoctech.app/billing/api/internal/services/dunning.go:217.4,218.1 1 0
gopkg.aoctech.app/billing/api/internal/services/dunning.go:219.3,219.41 1 0
gopkg.aoctech.app/billing/api/internal/services/dunning.go:222.2,222.89 1 0
gopkg.aoctech.app/billing/api/internal/services/dunning.go:225.3,225.51 1 0
gopkg.aoctech.app/billing/api/internal/services/dunning.go:226.4,228.1 2 0
gopkg.aoctech.app/billing/api/internal/services/dunning.go:229.3,229.13 1 0
gopkg.aoctech.app/billing/api/internal/services/dunning.go:231.2,231.12 1 0
gopkg.aoctech.app/billing/api/internal/services/dunning.go:242.2,242.80 1 0
gopkg.aoctech.app/billing/api/internal/services/dunning.go:243.3,244.1 1 0
gopkg.aoctech.app/billing/api/internal/services/dunning.go:245.2,245.143 1 0
gopkg.aoctech.app/billing/api/internal/services/dunning.go:246.3,247.1 1 0
gopkg.aoctech.app/billing/api/internal/services/dunning.go:248.2,248.12 1 0
gopkg.aoctech.app/billing/api/internal/services/invoicing.go:42.2,43.1 1 0
gopkg.aoctech.app/billing/api/internal/services/invoicing.go:52.2,54.1 2 0
gopkg.aoctech.app/billing/api/internal/services/invoicing.go:89.2,89.21 1 0
gopkg.aoctech.app/billing/api/internal/services/invoicing.go:90.3,91.1 1 0
gopkg.aoctech.app/billing/api/internal/services/invoicing.go:93.2,94.1 3 0
gopkg.aoctech.app/billing/api/internal/services/invoicing.go:97.2,98.29 3 0
gopkg.aoctech.app/billing/api/internal/services/invoicing.go:99.3,100.17 2 0
gopkg.aoctech.app/billing/api/internal/services/invoicing.go:101.4,102.1 1 0
gopkg.aoctech.app/billing/api/internal/services/invoicing.go:103.3,104.17 2 0
gopkg.aoctech.app/billing/api/internal/services/invoicing.go:105.4,106.1 1 0
gopkg.aoctech.app/billing/api/internal/services/invoicing.go:107.3,108.17 2 0
gopkg.aoctech.app/billing/api/internal/services/invoicing.go:109.4,110.1 1 0
gopkg.aoctech.app/billing/api/internal/services/invoicing.go:111.3,112.53 2 0
gopkg.aoctech.app/billing/api/internal/services/invoicing.go:115.2,116.16 2 0
gopkg.aoctech.app/billing/api/internal/services/invoicing.go:117.3,118.1 1 0
gopkg.aoctech.app/billing/api/internal/services/invoicing.go:120.2,137.1 2 0
gopkg.aoctech.app/billing/api/internal/services/invoicing.go:138.2,138.62 2 0
gopkg.aoctech.app/billing/api/internal/services/invoicing.go:139.3,140.1 1 0
gopkg.aoctech.app/billing/api/internal/services/invoicing.go:142.2,143.79 2 0
gopkg.aoctech.app/billing/api/internal/services/invoicing.go:144.3,145.1 1 0
gopkg.aoctech.app/billing/api/internal/services/invoicing.go:147.2,148.1 2 0
gopkg.aoctech.app/billing/api/internal/services/invoicing.go:157.2,157.22 2 0
gopkg.aoctech.app/billing/api/internal/services/invoicing.go:158.3,158.121 1 0
gopkg.aoctech.app/billing/api/internal/services/invoicing.go:159.4,160.1 1 0
gopkg.aoctech.app/billing/api/internal/services/invoicing.go:161.3,161.122 1 0
gopkg.aoctech.app/billing/api/internal/services/invoicing.go:165.4,166.1 1 0
gopkg.aoctech.app/billing/api/internal/services/invoicing.go:167.3,167.18 1 0
gopkg.aoctech.app/billing/api/internal/services/invoicing.go:173.2,174.118 2 0
gopkg.aoctech.app/billing/api/internal/services/invoicing.go:175.3,176.1 1 0
gopkg.aoctech.app/billing/api/internal/services/invoicing.go:177.2,177.17 1 0
gopkg.aoctech.app/billing/api/internal/services/invoicing.go:193.2,194.19 2 0
gopkg.aoctech.app/billing/api/internal/services/invoicing.go:195.3,196.17 2 0
gopkg.aoctech.app/billing/api/internal/services/invoicing.go:197.4,198.1 1 0
gopkg.aoctech.app/billing/api/internal/services/invoicing.go:199.3,199.32 1 0
gopkg.aoctech.app/billing/api/internal/services/invoicing.go:201.2,201.63 1 0
gopkg.aoctech.app/billing/api/internal/services/invoicing.go:219.2,219.40 1 0
gopkg.aoctech.app/billing/api/internal/services/invoicing.go:220.3,221.1 1 0
gopkg.aoctech.app/billing/api/internal/services/invoicing.go:223.2,224.16 2 0
gopkg.aoctech.app/billing/api/internal/services/invoicing.go:225.3,226.1 1 0
gopkg.aoctech.app/billing/api/internal/services/invoicing.go:227.2,228.69 2 0
gopkg.aoctech.app/billing/api/internal/services/invoicing.go:261.2,262.30 2 0
gopkg.aoctech.app/billing/api/internal/services/invoicing.go:263.3,264.17 2 0
gopkg.aoctech.app/billing/api/internal/services/invoicing.go:265.4,266.1 1 0
gopkg.aoctech.app/billing/api/internal/services/invoicing.go:267.3,267.44 1 0
gopkg.aoctech.app/billing/api/internal/services/invoicing.go:272.2,273.1 3 0
gopkg.aoctech.app/billing/api/internal/services/invoicing.go:274.2,275.22 3 0
gopkg.aoctech.app/billing/api/internal/services/invoicing.go:276.3,277.1 1 0
gopkg.aoctech.app/billing/api/internal/services/invoicing.go:278.2,278.122 1 0
gopkg.aoctech.app/billing/api/internal/services/invoicing.go:279.3,280.1 1 0
gopkg.aoctech.app/billing/api/internal/services/invoicing.go:281.2,281.22 1 0
gopkg.aoctech.app/billing/api/internal/services/invoicing.go:284.3,284.129 1 0
gopkg.aoctech.app/billing/api/internal/services/invoicing.go:285.4,286.1 1 0
gopkg.aoctech.app/billing/api/internal/services/invoicing.go:288.2,288.12 1 0
gopkg.aoctech.app/billing/api/internal/services/invoicing.go:301.2,303.1 3 0
gopkg.aoctech.app/billing/api/internal/services/invoicing.go:304.2,304.6 3 0
gopkg.aoctech.app/billing/api/internal/services/invoicing.go:305.3,306.17 2 0
gopkg.aoctech.app/billing/api/internal/services/invoicing.go:307.4,309.1 2 0
gopkg.aoctech.app/billing/api/internal/services/invoicing.go:310.3,310.29 1 0
gopkg.aoctech.app/billing/api/internal/services/invoicing.go:311.4,313.55 3 0
gopkg.aoctech.app/billing/api/internal/services/invoicing.go:315.5,315.22 1 0
gopkg.aoctech.app/billing/api/internal/services/invoicing.go:317.5,317.21 1 0
gopkg.aoctech.app/billing/api/internal/services/invoicing.go:319.5,320.90 2 0
gopkg.aoctech.app/billing/api/internal/services/invoicing.go:323.3,323.35 1 0
gopkg.aoctech.app/billing/api/internal/services/invoicing.go:324.4,325.1 1 0
gopkg.aoctech.app/billing/api/internal/services/invoicing.go:326.3,326.35 1 0
gopkg.aoctech.app/billing/api/internal/services/invoicing.go:339.2,340.16 2 0
gopkg.aoctech.app/billing/api/internal/services/invoicing.go:341.3,342.1 1 0
gopkg.aoctech.app/billing/api/internal/services/invoicing.go:343.2,343.21 1 0
gopkg.aoctech.app/billing/api/internal/services/invoicing.go:344.3,345.1 1 0
gopkg.aoctech.app/billing/api/internal/services/invoicing.go:347.2,349.84 3 0
gopkg.aoctech.app/billing/api/internal/services/invoicing.go:350.3,350.56 1 0
gopkg.aoctech.app/billing/api/internal/services/invoicing.go:351.4,352.1 1 0
gopkg.aoctech.app/billing/api/internal/services/invoicing.go:355.3,355.15 1 0
gopkg.aoctech.app/billing/api/internal/services/invoicing.go:358.2,358.121 1 0
gopkg.aoctech.app/billing/api/internal/services/invoicing.go:361.3,361.111 1 0
gopkg.aoctech.app/billing/api/internal/services/invoicing.go:362.4,363.1 1 0
gopkg.aoctech.app/billing/api/internal/services/invoicing.go:365.2,365.15 1 0
gopkg.aoctech.app/billing/api/internal/services/paylink.go:50.2,51.1 1 8
gopkg.aoctech.app/billing/api/internal/services/paylink.go:54.36,54.62 1 22
gopkg.aoctech.app/billing/api/internal/services/paylink.go:58.2,58.18 1 12
gopkg.aoctech.app/billing/api/internal/services/paylink.go:59.3,60.1 1 1
gopkg.aoctech.app/billing/api/internal/services/paylink.go:61.2,63.69 3 11
gopkg.aoctech.app/billing/api/internal/services/paylink.go:81.2,82.36 2 4
gopkg.aoctech.app/billing/api/internal/services/paylink.go:83.3,84.1 1 0
gopkg.aoctech.app/billing/api/internal/services/paylink.go:87.2,87.68 1 4
gopkg.aoctech.app/billing/api/internal/services/paylink.go:96.2,96.18 1 9
gopkg.aoctech.app/billing/api/internal/services/paylink.go:97.3,98.1 1 1
gopkg.aoctech.app/billing/api/internal/services/paylink.go:99.2,100.9 2 8
gopkg.aoctech.app/billing/api/internal/services/paylink.go:101.3,102.1 1 2
gopkg.aoctech.app/billing/api/internal/services/paylink.go:103.2,104.48 2 6
gopkg.aoctech.app/billing/api/internal/services/paylink.go:105.3,106.1 1 3
gopkg.aoctech.app/billing/api/internal/services/paylink.go:107.2,108.16 2 3
gopkg.aoctech.app/billing/api/internal/services/paylink.go:109.3,110.1 1 0
gopkg.aoctech.app/billing/api/internal/services/paylink.go:111.2,112.57 2 3
gopkg.aoctech.app/billing/api/internal/services/paylink.go:113.3,114.1 1 0
gopkg.aoctech.app/billing/api/internal/services/paylink.go:115.2,115.18 1 3
gopkg.aoctech.app/billing/api/internal/services/paylink.go:117.3,117.39 1 2
gopkg.aoctech.app/billing/api/internal/services/paylink.go:119.3,119.40 1 1
gopkg.aoctech.app/billing/api/internal/services/paylink.go:121.3,121.67 1 0
gopkg.aoctech.app/billing/api/internal/services/paylink.go:129.2,132.1 3 17
gopkg.aoctech.app/billing/api/internal/services/paylink.go:135.2,135.14 1 11
gopkg.aoctech.app/billing/api/internal/services/paylink.go:136.3,137.1 1 9
gopkg.aoctech.app/billing/api/internal/services/paylink.go:138.2,138.15 1 2
gopkg.aoctech.app/billing/api/internal/services/reconciling.go:58.2,60.1 3 0
gopkg.aoctech.app/billing/api/internal/services/reconciling.go:61.2,61.6 3 0
gopkg.aoctech.app/billing/api/internal/services/reconciling.go:62.3,63.17 2 0
gopkg.aoctech.app/billing/api/internal/services/reconciling.go:64.4,66.1 2 0
gopkg.aoctech.app/billing/api/internal/services/reconciling.go:67.3,67.29 1 0
gopkg.aoctech.app/billing/api/internal/services/reconciling.go:68.4,70.78 3 0
gopkg.aoctech.app/billing/api/internal/services/reconciling.go:71.5,72.1 1 0
gopkg.aoctech.app/billing/api/internal/services/reconciling.go:74.3,74.35 1 0
gopkg.aoctech.app/billing/api/internal/services/reconciling.go:75.4,76.1 1 0
gopkg.aoctech.app/billing/api/internal/services/reconciling.go:77.3,77.35 1 0
gopkg.aoctech.app/billing/api/internal/services/reconciling.go:93.2,94.9 2 0
gopkg.aoctech.app/billing/api/internal/services/reconciling.go:100.3,103.118 2 0
gopkg.aoctech.app/billing/api/internal/services/reconciling.go:104.4,105.1 1 0
gopkg.aoctech.app/billing/api/internal/services/reconciling.go:106.3,107.13 2 0
gopkg.aoctech.app/billing/api/internal/services/reconciling.go:113.3,113.13 1 0
gopkg.aoctech.app/billing/api/internal/services/reconciling.go:116.2,116.19 1 0
gopkg.aoctech.app/billing/api/internal/services/reconciling.go:120.3,120.120 1 0
gopkg.aoctech.app/billing/api/internal/services/reconciling.go:121.4,122.1 1 0
gopkg.aoctech.app/billing/api/internal/services/reconciling.go:123.3,126.13 3 0
gopkg.aoctech.app/billing/api/internal/services/reconciling.go:129.2,129.72 1 0
gopkg.aoctech.app/billing/api/internal/services/reconciling.go:132.3,134.1 2 0
gopkg.aoctech.app/billing/api/internal/services/reconciling.go:140.2,140.112 1 0
gopkg.aoctech.app/billing/api/internal/services/reconciling.go:141.3,142.1 1 0
gopkg.aoctech.app/billing/api/internal/services/reconciling.go:143.2,144.12 2 0
gopkg.aoctech.app/billing/api/internal/services/reconciling.go:159.2,164.1 3 0
gopkg.aoctech.app/billing/api/internal/services/subscribing.go:26.2,27.1 1 0
gopkg.aoctech.app/billing/api/internal/services/subscribing.go:44.2,44.21 1 0
gopkg.aoctech.app/billing/api/internal/services/subscribing.go:45.3,46.1 1 0
gopkg.aoctech.app/billing/api/internal/services/subscribing.go:47.2,47.20 1 0
gopkg.aoctech.app/billing/api/internal/services/subscribing.go:84.2,84.24 1 0
gopkg.aoctech.app/billing/api/internal/services/subscribing.go:85.3,86.1 1 0
gopkg.aoctech.app/billing/api/internal/services/subscribing.go:87.2,87.24 1 0
gopkg.aoctech.app/billing/api/internal/services/subscribing.go:88.3,89.1 1 0
gopkg.aoctech.app/billing/api/internal/services/subscribing.go:90.2,90.47 1 0
gopkg.aoctech.app/billing/api/internal/services/subscribing.go:91.3,92.1 1 0
gopkg.aoctech.app/billing/api/internal/services/subscribing.go:94.2,95.16 2 0
gopkg.aoctech.app/billing/api/internal/services/subscribing.go:96.3,97.1 1 0
gopkg.aoctech.app/billing/api/internal/services/subscribing.go:100.2,101.1 3 0
gopkg.aoctech.app/billing/api/internal/services/subscribing.go:112.2,113.82 3 0
gopkg.aoctech.app/billing/api/internal/services/subscribing.go:114.3,115.1 1 0
gopkg.aoctech.app/billing/api/internal/services/subscribing.go:117.2,132.1 3 0
gopkg.aoctech.app/billing/api/internal/services/subscribing.go:134.2,135.32 3 0
gopkg.aoctech.app/billing/api/internal/services/subscribing.go:136.3,144.1 2 0
gopkg.aoctech.app/billing/api/internal/services/subscribing.go:146.2,146.60 1 0
gopkg.aoctech.app/billing/api/internal/services/subscribing.go:147.3,148.1 1 0
gopkg.aoctech.app/billing/api/internal/services/subscribing.go:150.2,150.41 1 0
gopkg.aoctech.app/billing/api/internal/services/subscribing.go:153.3,154.1 1 0
gopkg.aoctech.app/billing/api/internal/services/subscribing.go:155.2,156.16 2 0
gopkg.aoctech.app/billing/api/internal/services/subscribing.go:161.3,162.1 1 0
gopkg.aoctech.app/billing/api/internal/services/subscribing.go:163.2,163.22 1 0
gopkg.aoctech.app/billing/api/internal/services/subscribing.go:216.2,216.24 1 0
gopkg.aoctech.app/billing/api/internal/services/subscribing.go:217.3,218.1 1 0
gopkg.aoctech.app/billing/api/internal/services/subscribing.go:220.2,221.16 2 0
gopkg.aoctech.app/billing/api/internal/services/subscribing.go:222.3,223.1 1 0
gopkg.aoctech.app/billing/api/internal/services/subscribing.go:228.2,233.16 2 0
gopkg.aoctech.app/billing/api/internal/services/subscribing.go:234.3,235.1 1 0
gopkg.aoctech.app/billing/api/internal/services/subscribing.go:236.2,237.40 2 0
gopkg.aoctech.app/billing/api/internal/services/subscribing.go:238.3,242.1 1 0
gopkg.aoctech.app/billing/api/internal/services/subscribing.go:244.2,245.16 2 0
gopkg.aoctech.app/billing/api/internal/services/subscribing.go:246.3,247.1 1 0
gopkg.aoctech.app/billing/api/internal/services/subscribing.go:248.2,249.16 2 0
gopkg.aoctech.app/billing/api/internal/services/subscribing.go:250.3,251.1 1 0
gopkg.aoctech.app/billing/api/internal/services/subscribing.go:253.2,254.32 2 0
gopkg.aoctech.app/billing/api/internal/services/subscribing.go:255.3,262.1 1 0
gopkg.aoctech.app/billing/api/internal/services/subscribing.go:264.2,266.16 1 0
gopkg.aoctech.app/billing/api/internal/services/subscribing.go:267.3,268.1 1 0
gopkg.aoctech.app/billing/api/internal/services/subscribing.go:270.2,270.67 1 0
gopkg.aoctech.app/billing/api/internal/services/subscribing.go:284.2,286.27 3 0
gopkg.aoctech.app/billing/api/internal/services/subscribing.go:287.3,288.17 2 0
gopkg.aoctech.app/billing/api/internal/services/subscribing.go:289.4,290.1 1 0
gopkg.aoctech.app/billing/api/internal/services/subscribing.go:291.3,292.76 2 0
gopkg.aoctech.app/billing/api/internal/services/subscribing.go:294.2,294.76 1 0
gopkg.aoctech.app/billing/api/internal/services/subscribing.go:307.2,309.31 3 0
gopkg.aoctech.app/billing/api/internal/services/subscribing.go:310.3,311.17 2 0
gopkg.aoctech.app/billing/api/internal/services/subscribing.go:312.4,313.1 1 0
gopkg.aoctech.app/billing/api/internal/services/subscribing.go:316.3,316.22 1 0
gopkg.aoctech.app/billing/api/internal/services/subscribing.go:317.4,318.1 1 0
gopkg.aoctech.app/billing/api/internal/services/subscribing.go:319.3,319.72 1 0
gopkg.aoctech.app/billing/api/internal/services/subscribing.go:320.4,320.12 1 0
gopkg.aoctech.app/billing/api/internal/services/subscribing.go:322.3,325.26 4 0
gopkg.aoctech.app/billing/api/internal/services/subscribing.go:329.2,329.16 1 0
gopkg.aoctech.app/billing/api/internal/services/subscribing.go:330.3,331.1 1 0
gopkg.aoctech.app/billing/api/internal/services/subscribing.go:332.2,332.18 1 0
gopkg.aoctech.app/billing/api/internal/services/subscribing.go:344.2,347.21 4 0
gopkg.aoctech.app/billing/api/internal/services/subscribing.go:348.3,349.1 1 0
gopkg.aoctech.app/billing/api/internal/services/subscribing.go:351.2,353.1 3 0
gopkg.aoctech.app/billing/api/internal/services/subscribing.go:356.2,356.24 3 0
gopkg.aoctech.app/billing/api/internal/services/subscribing.go:357.3,358.1 1 0
gopkg.aoctech.app/billing/api/internal/services/subscribing.go:359.2,360.1 3 0
gopkg.aoctech.app/billing/api/internal/services/subscribing.go:361.2,372.1 3 0
gopkg.aoctech.app/billing/api/internal/services/subscribing.go:373.2,373.62 3 0
gopkg.aoctech.app/billing/api/internal/services/subscribing.go:374.3,375.1 1 0
gopkg.aoctech.app/billing/api/internal/services/subscribing.go:382.2,382.77 1 0
gopkg.aoctech.app/billing/api/internal/services/subscribing.go:383.3,384.1 1 0
gopkg.aoctech.app/billing/api/internal/services/subscribing.go:387.2,390.16 2 0
gopkg.aoctech.app/billing/api/internal/services/subscribing.go:391.3,392.1 1 0
gopkg.aoctech.app/billing/api/internal/services/subscribing.go:393.2,393.17 1 0
gopkg.aoctech.app/billing/api/internal/services/subscribing.go:416.2,417.31 2 0
gopkg.aoctech.app/billing/api/internal/services/subscribing.go:418.3,418.39 1 0
gopkg.aoctech.app/billing/api/internal/services/subscribing.go:419.4,419.12 1 0
gopkg.aoctech.app/billing/api/internal/services/subscribing.go:421.3,421.65 1 0
gopkg.aoctech.app/billing/api/internal/services/subscribing.go:423.2,423.14 1 0
gopkg.aoctech.app/billing/api/internal/services/subscribing.go:438.2,441.1 4 0
gopkg.aoctech.app/billing/api/internal/services/subscribing.go:442.2,442.32 4 0
gopkg.aoctech.app/billing/api/internal/services/subscribing.go:443.3,443.25 1 0
gopkg.aoctech.app/billing/api/internal/services/subscribing.go:446.4,448.1 1 0
gopkg.aoctech.app/billing/api/internal/services/subscribing.go:449.3,450.1 3 0
gopkg.aoctech.app/billing/api/internal/services/subscribing.go:451.3,452.17 3 0
gopkg.aoctech.app/billing/api/internal/services/subscribing.go:453.4,454.1 1 0
gopkg.aoctech.app/billing/api/internal/services/subscribing.go:455.3,455.21 1 0
gopkg.aoctech.app/billing/api/internal/services/subscribing.go:456.4,457.1 1 0
gopkg.aoctech.app/billing/api/internal/services/subscribing.go:458.3,458.42 1 0
gopkg.aoctech.app/billing/api/internal/services/subscribing.go:459.4,460.1 1 0
gopkg.aoctech.app/billing/api/internal/services/subscribing.go:461.3,461.12 1 0
gopkg.aoctech.app/billing/api/internal/services/subscribing.go:462.4,462.48 1 0
gopkg.aoctech.app/billing/api/internal/services/subscribing.go:463.5,467.1 1 0
gopkg.aoctech.app/billing/api/internal/services/subscribing.go:468.4,468.40 1 0
gopkg.aoctech.app/billing/api/internal/services/subscribing.go:469.5,471.1 1 0
gopkg.aoctech.app/billing/api/internal/services/subscribing.go:473.3,474.1 3 0
gopkg.aoctech.app/billing/api/internal/services/subscribing.go:480.3,481.17 3 0
gopkg.aoctech.app/billing/api/internal/services/subscribing.go:482.4,483.1 1 0
gopkg.aoctech.app/billing/api/internal/services/subscribing.go:484.3,484.44 1 0
gopkg.aoctech.app/billing/api/internal/services/subscribing.go:485.4,487.1 1 0
gopkg.aoctech.app/billing/api/internal/services/subscribing.go:488.3,488.30 1 0
gopkg.aoctech.app/billing/api/internal/services/subscribing.go:490.2,490.30 1 0
gopkg.aoctech.app/billing/api/internal/services/subscribing.go:506.2,506.65 1 0
gopkg.aoctech.app/billing/api/internal/services/subscribing.go:507.3,508.1 1 0
gopkg.aoctech.app/billing/api/internal/services/subscribing.go:509.2,510.12 2 0
gopkg.aoctech.app/billing/api/internal/wallet/client.go:101.32,101.68 1 0
gopkg.aoctech.app/billing/api/internal/wallet/client.go:132.2,133.1 1 6
gopkg.aoctech.app/billing/api/internal/wallet/client.go:147.2,153.1 2 2
gopkg.aoctech.app/billing/api/internal/wallet/client.go:178.2,179.16 2 0
gopkg.aoctech.app/billing/api/internal/wallet/client.go:180.3,181.1 1 0
gopkg.aoctech.app/billing/api/internal/wallet/client.go:182.2,182.73 1 0
gopkg.aoctech.app/billing/api/internal/wallet/client.go:191.2,192.1 1 0
gopkg.aoctech.app/billing/api/internal/wallet/client.go:195.2,196.16 2 0
gopkg.aoctech.app/billing/api/internal/wallet/client.go:197.3,198.1 1 0
gopkg.aoctech.app/billing/api/internal/wallet/client.go:199.2,200.17 2 0
gopkg.aoctech.app/billing/api/internal/wallet/client.go:201.3,202.1 1 0
gopkg.aoctech.app/billing/api/internal/wallet/client.go:203.2,204.16 2 0
gopkg.aoctech.app/billing/api/internal/wallet/client.go:205.3,206.1 1 0
gopkg.aoctech.app/billing/api/internal/wallet/client.go:207.2,208.17 2 0
gopkg.aoctech.app/billing/api/internal/wallet/client.go:209.3,210.1 1 0
gopkg.aoctech.app/billing/api/internal/wallet/client.go:212.2,213.16 2 0
gopkg.aoctech.app/billing/api/internal/wallet/client.go:214.3,215.1 1 0
gopkg.aoctech.app/billing/api/internal/wallet/client.go:216.2,216.15 1 0
gopkg.aoctech.app/billing/api/internal/wallet/client.go:217.3,217.53 1 0
gopkg.aoctech.app/billing/api/internal/wallet/client.go:218.4,219.1 1 0
gopkg.aoctech.app/billing/api/internal/wallet/client.go:221.2,222.16 2 0
gopkg.aoctech.app/billing/api/internal/wallet/client.go:223.3,224.1 1 0
gopkg.aoctech.app/billing/api/internal/wallet/client.go:226.2,226.9 1 0
gopkg.aoctech.app/billing/api/internal/wallet/client.go:228.3,228.60 1 0
gopkg.aoctech.app/billing/api/internal/wallet/client.go:233.3,233.91 1 0
gopkg.aoctech.app/billing/api/internal/wallet/client.go:235.3,235.103 1 0
gopkg.aoctech.app/billing/api/internal/wallet/client.go:238.2,239.53 2 0
gopkg.aoctech.app/billing/api/internal/wallet/client.go:240.3,241.1 1 0
gopkg.aoctech.app/billing/api/internal/wallet/client.go:242.2,242.21 1 0
gopkg.aoctech.app/billing/api/internal/wallet/client.go:243.3,244.1 1 0
gopkg.aoctech.app/billing/api/internal/wallet/client.go:245.2,245.21 1 0
gopkg.aoctech.app/billing/api/internal/wallet/client.go:255.2,255.40 1 7
gopkg.aoctech.app/billing/api/internal/wallet/client.go:256.3,257.1 1 2
gopkg.aoctech.app/billing/api/internal/wallet/client.go:258.2,261.49 4 5
gopkg.aoctech.app/billing/api/internal/wallet/client.go:265.2,266.17 2 0
gopkg.aoctech.app/billing/api/internal/wallet/client.go:267.3,268.1 1 0
gopkg.aoctech.app/billing/api/internal/wallet/client.go:269.2,269.18 1 0
gopkg.aoctech.app/billing/api/cmd/server/main.go:18.2,19.1 3 0
gopkg.aoctech.app/billing/api/cmd/server/main.go:20.2,21.16 3 0
gopkg.aoctech.app/billing/api/cmd/server/main.go:22.3,24.1 2 0
gopkg.aoctech.app/billing/api/cmd/server/main.go:26.2,27.16 2 0
gopkg.aoctech.app/billing/api/cmd/server/main.go:28.3,30.1 2 0
gopkg.aoctech.app/billing/api/cmd/server/main.go:32.2,34.1 4 0
gopkg.aoctech.app/billing/api/cmd/server/main.go:35.2,36.12 4 0
gopkg.aoctech.app/billing/api/cmd/server/main.go:36.14,36.48 1 0
gopkg.aoctech.app/billing/api/cmd/server/main.go:38.2,40.9 3 0
gopkg.aoctech.app/billing/api/cmd/server/main.go:42.3,42.17 1 0
gopkg.aoctech.app/billing/api/cmd/server/main.go:43.4,44.1 1 0
gopkg.aoctech.app/billing/api/cmd/server/main.go:45.3,46.13 2 0
gopkg.aoctech.app/billing/api/cmd/server/main.go:48.3,49.70 2 0
gopkg.aoctech.app/billing/api/cmd/server/main.go:50.4,52.1 2 0
gopkg.aoctech.app/billing/api/cmd/dunning/main.go:31.2,32.1 5 0
gopkg.aoctech.app/billing/api/cmd/dunning/main.go:33.2,35.1 5 0
gopkg.aoctech.app/billing/api/cmd/dunning/main.go:36.2,37.21 5 0
gopkg.aoctech.app/billing/api/cmd/dunning/main.go:38.3,39.17 2 0
gopkg.aoctech.app/billing/api/cmd/dunning/main.go:40.4,42.1 2 0
gopkg.aoctech.app/billing/api/cmd/dunning/main.go:43.3,43.16 1 0
gopkg.aoctech.app/billing/api/cmd/dunning/main.go:46.2,47.16 2 0
gopkg.aoctech.app/billing/api/cmd/dunning/main.go:48.3,50.1 2 0
gopkg.aoctech.app/billing/api/cmd/dunning/main.go:52.2,55.16 4 0
gopkg.aoctech.app/billing/api/cmd/dunning/main.go:56.3,57.1 1 0
gopkg.aoctech.app/billing/api/cmd/dunning/main.go:59.2,61.1 4 0
gopkg.aoctech.app/billing/api/cmd/dunning/main.go:65.2,66.1 4 0
gopkg.aoctech.app/billing/api/cmd/dunning/main.go:67.2,67.26 4 0
gopkg.aoctech.app/billing/api/cmd/dunning/main.go:68.3,71.1 1 0
gopkg.aoctech.app/billing/api/cmd/dunning/main.go:75.2,76.14 2 0
gopkg.aoctech.app/billing/api/cmd/dunning/main.go:77.3,78.1 1 0
gopkg.aoctech.app/billing/api/cmd/dunning/main.go:79.2,80.1 3 0
gopkg.aoctech.app/billing/api/cmd/dunning/main.go:81.2,82.25 3 0
gopkg.aoctech.app/billing/api/cmd/dunning/main.go:83.3,84.1 1 0
gopkg.aoctech.app/billing/api/cmd/dunning/main.go:85.2,85.31 1 0
gopkg.aoctech.app/billing/api/cmd/dunning/main.go:86.3,87.1 1 0
gopkg.aoctech.app/billing/api/cmd/dunning/main.go:88.2,96.12 2 0
gopkg.aoctech.app/billing/api/cmd/sweep/main.go:39.2,40.1 5 0
gopkg.aoctech.app/billing/api/cmd/sweep/main.go:41.2,43.1 5 0
gopkg.aoctech.app/billing/api/cmd/sweep/main.go:44.2,45.21 5 0
gopkg.aoctech.app/billing/api/cmd/sweep/main.go:46.3,47.17 2 0
gopkg.aoctech.app/billing/api/cmd/sweep/main.go:48.4,50.1 2 0
gopkg.aoctech.app/billing/api/cmd/sweep/main.go:51.3,51.16 1 0
gopkg.aoctech.app/billing/api/cmd/sweep/main.go:54.2,55.16 2 0
gopkg.aoctech.app/billing/api/cmd/sweep/main.go:56.3,58.1 2 0
gopkg.aoctech.app/billing/api/cmd/sweep/main.go:60.2,63.16 4 0
gopkg.aoctech.app/billing/api/cmd/sweep/main.go:64.3,65.1 1 0
gopkg.aoctech.app/billing/api/cmd/sweep/main.go:67.2,69.1 4 0
gopkg.aoctech.app/billing/api/cmd/sweep/main.go:72.2,73.1 4 0
gopkg.aoctech.app/billing/api/cmd/sweep/main.go:78.2,78.26 4 0
gopkg.aoctech.app/billing/api/cmd/sweep/main.go:79.3,82.1 1 0
gopkg.aoctech.app/billing/api/cmd/sweep/main.go:86.2,87.14 2 0
gopkg.aoctech.app/billing/api/cmd/sweep/main.go:88.3,89.1 1 0
gopkg.aoctech.app/billing/api/cmd/sweep/main.go:90.2,92.1 4 0
gopkg.aoctech.app/billing/api/cmd/sweep/main.go:93.2,94.25 4 0
gopkg.aoctech.app/billing/api/cmd/sweep/main.go:95.3,96.1 1 0
gopkg.aoctech.app/billing/api/cmd/sweep/main.go:100.2,100.31 1 0
gopkg.aoctech.app/billing/api/cmd/sweep/main.go:101.3,102.1 1 0
gopkg.aoctech.app/billing/api/cmd/sweep/main.go:103.2,111.12 2 0
gopkg.aoctech.app/billing/api/cmd/seed/main.go:29.2,30.1 6 0
gopkg.aoctech.app/billing/api/cmd/seed/main.go:31.2,35.1 6 0
gopkg.aoctech.app/billing/api/cmd/seed/main.go:36.2,36.57 6 0
gopkg.aoctech.app/billing/api/cmd/seed/main.go:41.3,43.1 2 0
gopkg.aoctech.app/billing/api/cmd/seed/main.go:44.2,45.1 3 0
gopkg.aoctech.app/billing/api/cmd/seed/main.go:46.2,47.16 3 0
gopkg.aoctech.app/billing/api/cmd/seed/main.go:48.3,50.1 2 0
gopkg.aoctech.app/billing/api/cmd/seed/main.go:51.2,51.15 1 0
gopkg.aoctech.app/billing/api/cmd/seed/main.go:52.3,52.45 1 0
gopkg.aoctech.app/billing/api/cmd/seed/main.go:53.4,54.1 1 0
gopkg.aoctech.app/billing/api/cmd/seed/main.go:57.2,58.16 2 0
gopkg.aoctech.app/billing/api/cmd/seed/main.go:59.3,61.1 2 0
gopkg.aoctech.app/billing/api/cmd/seed/main.go:63.2,63.13 1 0
gopkg.aoctech.app/billing/api/cmd/seed/main.go:64.3,71.1 2 0
gopkg.aoctech.app/billing/api/cmd/seed/main.go:73.2,74.16 2 0
gopkg.aoctech.app/billing/api/cmd/seed/main.go:75.3,77.1 2 0
gopkg.aoctech.app/billing/api/cmd/seed/main.go:79.2,81.16 3 0
gopkg.aoctech.app/billing/api/cmd/seed/main.go:82.3,84.1 2 0
gopkg.aoctech.app/billing/api/cmd/seed/main.go:86.2,87.16 2 0
gopkg.aoctech.app/billing/api/cmd/seed/main.go:91.3,94.1 3 0
gopkg.aoctech.app/billing/api/cmd/seed/main.go:95.2,95.20 1 0
gopkg.aoctech.app/billing/api/cmd/seed/main.go:99.2,99.16 1 0
gopkg.aoctech.app/billing/api/cmd/seed/main.go:100.3,101.1 1 0
gopkg.aoctech.app/billing/api/cmd/seed/main.go:105.2,105.32 1 0
gopkg.aoctech.app/billing/api/cmd/seed/main.go:106.3,107.1 1 0
gopkg.aoctech.app/billing/api/cmd/seed/main.go:108.2,108.32 1 0
gopkg.aoctech.app/billing/api/cmd/seed/main.go:109.3,110.1 1 0
gopkg.aoctech.app/billing/api/cmd/seed/main.go:111.2,111.94 1 0
gopkg.aoctech.app/billing/api/cmd/deliver/main.go:35.2,36.1 5 0
gopkg.aoctech.app/billing/api/cmd/deliver/main.go:37.2,39.1 5 0
gopkg.aoctech.app/billing/api/cmd/deliver/main.go:40.2,41.16 5 0
gopkg.aoctech.app/billing/api/cmd/deliver/main.go:42.3,44.1 2 0
gopkg.aoctech.app/billing/api/cmd/deliver/main.go:46.2,49.16 4 0
gopkg.aoctech.app/billing/api/cmd/deliver/main.go:50.3,51.1 1 0
gopkg.aoctech.app/billing/api/cmd/deliver/main.go:53.2,55.1 4 0
gopkg.aoctech.app/billing/api/cmd/deliver/main.go:57.2,58.1 4 0
gopkg.aoctech.app/billing/api/cmd/deliver/main.go:62.2,62.19 4 0
gopkg.aoctech.app/billing/api/cmd/deliver/main.go:63.3,66.1 1 0
gopkg.aoctech.app/billing/api/cmd/deliver/main.go:74.2,75.14 2 0
gopkg.aoctech.app/billing/api/cmd/deliver/main.go:76.3,77.1 1 0
gopkg.aoctech.app/billing/api/cmd/deliver/main.go:79.2,81.1 5 0
gopkg.aoctech.app/billing/api/cmd/deliver/main.go:82.2,84.1 5 0
gopkg.aoctech.app/billing/api/cmd/deliver/main.go:85.2,85.65 5 0
gopkg.aoctech.app/billing/api/cmd/deliver/main.go:89.2,90.25 2 0
gopkg.aoctech.app/billing/api/cmd/deliver/main.go:91.3,92.1 1 0
gopkg.aoctech.app/billing/api/cmd/deliver/main.go:96.2,96.31 1 0
gopkg.aoctech.app/billing/api/cmd/deliver/main.go:97.3,98.1 1 0
gopkg.aoctech.app/billing/api/cmd/deliver/main.go:99.2,104.24 1 0
gopkg.aoctech.app/billing/api/internal/settlement/bus.go:39.41,39.80 1 0
gopkg.aoctech.app/billing/api/internal/settlement/bus.go:51.2,52.16 2 0
gopkg.aoctech.app/billing/api/internal/settlement/bus.go:53.3,54.1 1 0
gopkg.aoctech.app/billing/api/internal/settlement/bus.go:55.2,56.16 2 0
gopkg.aoctech.app/billing/api/internal/settlement/bus.go:57.3,58.1 1 0
gopkg.aoctech.app/billing/api/internal/settlement/bus.go:59.2,59.40 1 0
gopkg.aoctech.app/billing/api/internal/settlement/bus.go:69.2,70.54 2 0
gopkg.aoctech.app/billing/api/internal/settlement/bus.go:71.3,72.1 1 0
gopkg.aoctech.app/billing/api/internal/settlement/bus.go:85.2,86.1 2 0
gopkg.aoctech.app/billing/api/internal/settlement/bus.go:87.2,87.12 2 0
gopkg.aoctech.app/billing/api/internal/settlement/bus.go:88.3,89.1 5 0
gopkg.aoctech.app/billing/api/internal/settlement/bus.go:93.3,95.1 5 0
gopkg.aoctech.app/billing/api/internal/settlement/bus.go:96.3,97.62 5 0
gopkg.aoctech.app/billing/api/internal/settlement/bus.go:98.4,98.11 1 0
gopkg.aoctech.app/billing/api/internal/settlement/bus.go:99.27,99.27 0 0
gopkg.aoctech.app/billing/api/internal/settlement/bus.go:100.12,100.12 0 0
gopkg.aoctech.app/billing/api/internal/settlement/bus.go:105.3,105.37 1 0
gopkg.aoctech.app/billing/api/internal/settlement/bus.go:106.4,107.1 1 0
gopkg.aoctech.app/billing/api/internal/settlement/bus.go:110.2,110.12 1 0
gopkg.aoctech.app/billing/api/internal/settlement/bus.go:114.31,114.49 1 0
gopkg.aoctech.app/billing/api/internal/problem/problem.go:48.48,48.78 1 0
gopkg.aoctech.app/billing/api/internal/problem/problem.go:50.2,52.1 2 0
gopkg.aoctech.app/billing/api/internal/problem/problem.go:61.2,63.1 2 0
gopkg.aoctech.app/billing/api/internal/problem/problem.go:65.45,65.92 1 0
gopkg.aoctech.app/billing/api/internal/problem/problem.go:66.45,66.94 1 0
gopkg.aoctech.app/billing/api/internal/problem/problem.go:67.45,67.91 1 0
gopkg.aoctech.app/billing/api/internal/problem/problem.go:68.45,68.90 1 0
gopkg.aoctech.app/billing/api/internal/problem/problem.go:69.45,69.90 1 0
gopkg.aoctech.app/billing/api/internal/problem/problem.go:71.2,72.1 1 0
gopkg.aoctech.app/billing/api/internal/problem/problem.go:73.41,73.92 1 0
gopkg.aoctech.app/billing/api/internal/problem/problem.go:76.47,76.92 1 0
gopkg.aoctech.app/billing/api/internal/problem/problem.go:80.2,81.1 1 0
gopkg.aoctech.app/billing/api/internal/problem/problem.go:93.2,93.9 1 0
gopkg.aoctech.app/billing/api/internal/problem/problem.go:95.3,95.13 1 0
gopkg.aoctech.app/billing/api/internal/problem/problem.go:98.3,98.45 1 0
gopkg.aoctech.app/billing/api/internal/problem/problem.go:101.3,101.45 1 0
gopkg.aoctech.app/billing/api/internal/problem/problem.go:104.3,106.11 2 0
gopkg.aoctech.app/billing/api/internal/problem/problem.go:109.3,109.76 1 0
gopkg.aoctech.app/billing/api/internal/problem/problem.go:112.3,113.62 1 0
gopkg.aoctech.app/billing/api/internal/problem/problem.go:119.3,120.95 1 0
gopkg.aoctech.app/billing/api/internal/problem/problem.go:123.3,124.37 1 0
gopkg.aoctech.app/billing/api/internal/problem/problem.go:130.3,130.13 1 0
gopkg.aoctech.app/billing/api/internal/problem/problem.go:140.3,140.36 1 0
gopkg.aoctech.app/billing/api/internal/problem/problem.go:143.3,143.34 1 0
gopkg.aoctech.app/billing/api/internal/middleware/auth.go:43.2,44.1 1 0
gopkg.aoctech.app/billing/api/internal/middleware/auth.go:48.2,48.33 1 0
gopkg.aoctech.app/billing/api/internal/middleware/auth.go:49.3,50.44 2 0
gopkg.aoctech.app/billing/api/internal/middleware/auth.go:51.4,52.1 1 0
gopkg.aoctech.app/billing/api/internal/middleware/auth.go:53.3,54.37 2 0
gopkg.aoctech.app/billing/api/internal/middleware/auth.go:58.4,59.1 1 0
gopkg.aoctech.app/billing/api/internal/middleware/auth.go:60.3,61.18 2 0
gopkg.aoctech.app/billing/api/internal/middleware/auth.go:67.2,69.1 2 0
gopkg.aoctech.app/billing/api/internal/middleware/auth.go:73.2,75.1 2 0
gopkg.aoctech.app/billing/api/internal/middleware/auth.go:79.2,81.1 2 0
gopkg.aoctech.app/billing/api/internal/middleware/console.go:26.2,26.33 1 0
gopkg.aoctech.app/billing/api/internal/middleware/console.go:27.3,28.16 2 0
gopkg.aoctech.app/billing/api/internal/middleware/console.go:29.4,30.1 1 0
gopkg.aoctech.app/billing/api/internal/middleware/console.go:31.3,31.19 1 0
gopkg.aoctech.app/billing/api/internal/middleware/console.go:32.4,33.1 1 0
gopkg.aoctech.app/billing/api/internal/middleware/console.go:34.3,34.26 1 0
gopkg.aoctech.app/billing/api/internal/middleware/console.go:35.4,36.1 1 0
gopkg.aoctech.app/billing/api/internal/middleware/console.go:37.3,37.18 1 0
gopkg.aoctech.app/billing/api/internal/middleware/console.go:51.2,51.33 1 0
gopkg.aoctech.app/billing/api/internal/middleware/console.go:52.3,53.16 2 0
gopkg.aoctech.app/billing/api/internal/middleware/console.go:54.4,55.1 1 0
gopkg.aoctech.app/billing/api/internal/middleware/console.go:57.3,58.28 2 0
gopkg.aoctech.app/billing/api/internal/middleware/console.go:60.4,60.19 1 0
gopkg.aoctech.app/billing/api/internal/middleware/console.go:62.4,62.20 1 0
gopkg.aoctech.app/billing/api/internal/middleware/console.go:64.4,64.81 1 0
gopkg.aoctech.app/billing/api/internal/middleware/console.go:67.3,68.17 2 0
gopkg.aoctech.app/billing/api/internal/middleware/console.go:69.4,69.48 1 0
gopkg.aoctech.app/billing/api/internal/middleware/console.go:73.5,74.1 1 0
gopkg.aoctech.app/billing/api/internal/middleware/console.go:75.4,75.69 1 0
gopkg.aoctech.app/billing/api/internal/middleware/console.go:78.3,80.18 3 0
gopkg.aoctech.app/billing/api/internal/middleware/console.go:86.2,88.1 2 0
gopkg.aoctech.app/billing/api/internal/middleware/idempotency.go:40.2,40.33 1 0
gopkg.aoctech.app/billing/api/internal/middleware/idempotency.go:41.3,42.16 2 0
gopkg.aoctech.app/billing/api/internal/middleware/idempotency.go:43.4,44.1 1 0
gopkg.aoctech.app/billing/api/internal/middleware/idempotency.go:45.3,45.30 1 0
gopkg.aoctech.app/billing/api/internal/middleware/idempotency.go:46.4,47.1 1 0
gopkg.aoctech.app/billing/api/internal/middleware/idempotency.go:48.3,49.18 2 0
gopkg.aoctech.app/billing/api/internal/middleware/idempotency.go:50.4,51.1 1 0
gopkg.aoctech.app/billing/api/internal/middleware/idempotency.go:53.3,55.10 3 0
gopkg.aoctech.app/billing/api/internal/middleware/idempotency.go:57.4,59.82 1 0
gopkg.aoctech.app/billing/api/internal/middleware/idempotency.go:61.4,61.70 1 0
gopkg.aoctech.app/billing/api/internal/middleware/idempotency.go:66.4,68.66 3 0
gopkg.aoctech.app/billing/api/internal/middleware/idempotency.go:71.3,71.34 1 0
gopkg.aoctech.app/billing/api/internal/middleware/idempotency.go:72.4,73.1 1 0
gopkg.aoctech.app/billing/api/internal/middleware/idempotency.go:78.3,79.36 2 0
gopkg.aoctech.app/billing/api/internal/middleware/idempotency.go:80.4,81.1 1 0
gopkg.aoctech.app/billing/api/internal/middleware/idempotency.go:82.3,88.1 2 0
gopkg.aoctech.app/billing/api/internal/middleware/idempotency.go:89.3,89.103 2 0
gopkg.aoctech.app/billing/api/internal/middleware/idempotency.go:94.4,95.1 1 0
gopkg.aoctech.app/billing/api/internal/middleware/idempotency.go:96.3,96.13 1 0
gopkg.aoctech.app/billing/api/internal/middleware/idempotency.go:104.2,111.1 7 0
gopkg.aoctech.app/billing/api/internal/middleware/portal.go:28.2,28.33 1 0
gopkg.aoctech.app/billing/api/internal/middleware/portal.go:29.3,29.27 1 0
gopkg.aoctech.app/billing/api/internal/middleware/portal.go:33.4,34.1 1 0
gopkg.aoctech.app/billing/api/internal/middleware/portal.go:35.3,36.16 2 0
gopkg.aoctech.app/billing/api/internal/middleware/portal.go:37.4,38.1 1 0
gopkg.aoctech.app/billing/api/internal/middleware/portal.go:39.3,39.19 1 0
gopkg.aoctech.app/billing/api/internal/middleware/portal.go:40.4,41.1 1 0
gopkg.aoctech.app/billing/api/internal/middleware/portal.go:43.3,44.17 2 0
gopkg.aoctech.app/billing/api/internal/middleware/portal.go:45.4,45.48 1 0
gopkg.aoctech.app/billing/api/internal/middleware/portal.go:54.5,56.1 1 0
gopkg.aoctech.app/billing/api/internal/middleware/portal.go:57.4,57.61 1 0
gopkg.aoctech.app/billing/api/internal/middleware/portal.go:59.3,59.26 1 0
gopkg.aoctech.app/billing/api/internal/middleware/portal.go:62.4,63.1 1 0
gopkg.aoctech.app/billing/api/internal/middleware/portal.go:65.3,67.18 3 0
gopkg.aoctech.app/billing/api/internal/middleware/portal.go:73.2,75.1 2 0
gopkg.aoctech.app/billing/api/internal/middleware/requestid.go:19.2,20.1 1 0
gopkg.aoctech.app/billing/api/internal/middleware/scope.go:79.2,79.33 1 0
gopkg.aoctech.app/billing/api/internal/middleware/scope.go:80.3,81.16 2 0
gopkg.aoctech.app/billing/api/internal/middleware/scope.go:82.4,83.1 1 0
gopkg.aoctech.app/billing/api/internal/middleware/scope.go:84.3,84.19 1 0
gopkg.aoctech.app/billing/api/internal/middleware/scope.go:85.4,86.1 1 0
gopkg.aoctech.app/billing/api/internal/middleware/scope.go:87.3,87.26 1 0
gopkg.aoctech.app/billing/api/internal/middleware/scope.go:88.4,89.1 1 0
gopkg.aoctech.app/billing/api/internal/middleware/scope.go:90.3,90.18 1 0
gopkg.aoctech.app/billing/api/internal/middleware/tenant.go:40.2,42.1 2 0
gopkg.aoctech.app/billing/api/internal/middleware/tenant.go:45.2,45.33 1 0
gopkg.aoctech.app/billing/api/internal/middleware/tenant.go:46.3,47.16 2 0
gopkg.aoctech.app/billing/api/internal/middleware/tenant.go:48.4,49.1 1 0
gopkg.aoctech.app/billing/api/internal/middleware/tenant.go:53.3,54.21 2 0
gopkg.aoctech.app/billing/api/internal/middleware/tenant.go:55.4,56.1 1 0
gopkg.aoctech.app/billing/api/internal/middleware/tenant.go:58.3,59.17 2 0
gopkg.aoctech.app/billing/api/internal/middleware/tenant.go:60.4,60.11 1 0
gopkg.aoctech.app/billing/api/internal/middleware/tenant.go:65.5,65.82 1 0
gopkg.aoctech.app/billing/api/internal/middleware/tenant.go:67.5,67.67 1 0
gopkg.aoctech.app/billing/api/internal/middleware/tenant.go:70.3,72.18 3 0
gopkg.aoctech.app/billing/api/internal/jobs/jobs.go:31.2,32.16 2 0
gopkg.aoctech.app/billing/api/internal/jobs/jobs.go:35.3,37.1 2 0
gopkg.aoctech.app/billing/api/internal/jobs/jobs.go:38.2,38.10 1 0
gopkg.aoctech.app/billing/api/internal/jobs/jobs.go:47.2,54.1 3 0
gopkg.aoctech.app/billing/api/internal/jobs/jobs.go:63.2,65.1 2 0
gopkg.aoctech.app/billing/api/internal/jobs/jobs.go:72.2,73.1 1 0
gopkg.aoctech.app/billing/api/internal/jobs/jobs.go:79.2,80.27 2 0
gopkg.aoctech.app/billing/api/internal/jobs/jobs.go:81.3,82.1 1 0
gopkg.aoctech.app/billing/api/internal/jobs/jobs.go:83.2,83.12 1 0
gopkg.aoctech.app/billing/api/internal/jobs/jobs.go:94.2,94.20 1 0
gopkg.aoctech.app/billing/api/internal/jobs/jobs.go:95.3,96.1 1 0
gopkg.aoctech.app/billing/api/internal/jobs/jobs.go:97.2,98.27 2 0
gopkg.aoctech.app/billing/api/internal/jobs/jobs.go:99.3,99.23 1 0
gopkg.aoctech.app/billing/api/internal/jobs/jobs.go:100.4,101.9 2 0
gopkg.aoctech.app/billing/api/internal/jobs/jobs.go:103.3,103.35 1 0
gopkg.aoctech.app/billing/api/internal/jobs/jobs.go:105.2,105.19 1 0
gopkg.aoctech.app/billing/api/internal/email/ses.go:58.2,59.16 2 0
gopkg.aoctech.app/billing/api/internal/email/ses.go:60.3,61.1 1 0
gopkg.aoctech.app/billing/api/internal/email/ses.go:62.2,62.29 1 0
gopkg.aoctech.app/billing/api/internal/email/ses.go:66.2,66.16 1 0
gopkg.aoctech.app/billing/api/internal/email/ses.go:69.3,70.1 1 0
gopkg.aoctech.app/billing/api/internal/email/ses.go:71.2,72.15 2 0
gopkg.aoctech.app/billing/api/internal/email/ses.go:73.3,74.1 1 0
gopkg.aoctech.app/billing/api/internal/email/ses.go:75.2,75.55 1 0
gopkg.aoctech.app/billing/api/internal/email/ses.go:88.2,89.15 2 0
gopkg.aoctech.app/billing/api/internal/email/ses.go:90.3,91.1 1 0
gopkg.aoctech.app/billing/api/internal/email/ses.go:92.2,93.16 2 0
gopkg.aoctech.app/billing/api/internal/email/ses.go:94.3,95.1 1 0
gopkg.aoctech.app/billing/api/internal/email/ses.go:96.3,97.1 1 0
gopkg.aoctech.app/billing/api/internal/email/ses.go:99.2,107.19 1 0
gopkg.aoctech.app/billing/api/internal/domain/id/id.go:37.2,38.1 1 0
gopkg.aoctech.app/billing/api/internal/domain/id/id.go:41.44,41.67 1 0
gopkg.aoctech.app/billing/api/internal/domain/finance/expression_json.go:40.2,41.16 2 38
gopkg.aoctech.app/billing/api/internal/domain/finance/expression_json.go:42.3,43.1 1 0
gopkg.aoctech.app/billing/api/internal/domain/finance/expression_json.go:44.2,44.24 1 38
gopkg.aoctech.app/billing/api/internal/domain/finance/expression_json.go:48.2,49.23 2 38
gopkg.aoctech.app/billing/api/internal/domain/finance/expression_json.go:51.3,51.16 1 22
gopkg.aoctech.app/billing/api/internal/domain/finance/expression_json.go:53.3,53.12 1 5
gopkg.aoctech.app/billing/api/internal/domain/finance/expression_json.go:55.3,56.28 2 1
gopkg.aoctech.app/billing/api/internal/domain/finance/expression_json.go:58.3,59.55 2 2
gopkg.aoctech.app/billing/api/internal/domain/finance/expression_json.go:61.3,61.34 1 1
gopkg.aoctech.app/billing/api/internal/domain/finance/expression_json.go:63.3,63.22 1 1
gopkg.aoctech.app/billing/api/internal/domain/finance/expression_json.go:65.3,65.19 1 2
gopkg.aoctech.app/billing/api/internal/domain/finance/expression_json.go:67.3,68.17 2 4
gopkg.aoctech.app/billing/api/internal/domain/finance/expression_json.go:69.4,70.1 1 0
gopkg.aoctech.app/billing/api/internal/domain/finance/expression_json.go:71.3,72.17 2 4
gopkg.aoctech.app/billing/api/internal/domain/finance/expression_json.go:73.4,74.1 1 0
gopkg.aoctech.app/billing/api/internal/domain/finance/expression_json.go:75.3,75.34 1 4
gopkg.aoctech.app/billing/api/internal/domain/finance/expression_json.go:77.3,77.80 1 0
gopkg.aoctech.app/billing/api/internal/domain/finance/expression_json.go:79.2,79.15 1 38
gopkg.aoctech.app/billing/api/internal/domain/finance/expression_json.go:85.2,86.1 1 50
gopkg.aoctech.app/billing/api/internal/domain/finance/expression_json.go:89.2,89.32 1 63
gopkg.aoctech.app/billing/api/internal/domain/finance/expression_json.go:90.3,91.1 1 1
gopkg.aoctech.app/billing/api/internal/domain/finance/expression_json.go:92.2,93.46 2 62
gopkg.aoctech.app/billing/api/internal/domain/finance/expression_json.go:94.3,95.1 1 1
gopkg.aoctech.app/billing/api/internal/domain/finance/expression_json.go:96.2,96.16 1 61
gopkg.aoctech.app/billing/api/internal/domain/finance/expression_json.go:98.3,98.30 1 25
gopkg.aoctech.app/billing/api/internal/domain/finance/expression_json.go:99.4,100.1 1 3
gopkg.aoctech.app/billing/api/internal/domain/finance/expression_json.go:101.3,101.37 1 22
gopkg.aoctech.app/billing/api/internal/domain/finance/expression_json.go:103.3,103.41 1 7
gopkg.aoctech.app/billing/api/internal/domain/finance/expression_json.go:104.4,105.1 1 4
gopkg.aoctech.app/billing/api/internal/domain/finance/expression_json.go:106.3,106.37 1 3
gopkg.aoctech.app/billing/api/internal/domain/finance/expression_json.go:108.3,108.81 1 4
gopkg.aoctech.app/billing/api/internal/domain/finance/expression_json.go:109.4,110.1 1 2
gopkg.aoctech.app/billing/api/internal/domain/finance/expression_json.go:111.3,111.40 1 2
gopkg.aoctech.app/billing/api/internal/domain/finance/expression_json.go:112.4,113.1 1 1
gopkg.aoctech.app/billing/api/internal/domain/finance/expression_json.go:114.3,114.61 1 1
gopkg.aoctech.app/billing/api/internal/domain/finance/expression_json.go:116.3,116.81 1 5
gopkg.aoctech.app/billing/api/internal/domain/finance/expression_json.go:117.4,118.1 1 0
gopkg.aoctech.app/billing/api/internal/domain/finance/expression_json.go:119.3,119.34 1 5
gopkg.aoctech.app/billing/api/internal/domain/finance/expression_json.go:120.4,121.1 1 2
gopkg.aoctech.app/billing/api/internal/domain/finance/expression_json.go:122.3,122.79 1 3
gopkg.aoctech.app/billing/api/internal/domain/finance/expression_json.go:123.4,124.1 1 2
gopkg.aoctech.app/billing/api/internal/domain/finance/expression_json.go:125.3,125.77 1 1
gopkg.aoctech.app/billing/api/internal/domain/finance/expression_json.go:127.3,127.56 1 3
gopkg.aoctech.app/billing/api/internal/domain/finance/expression_json.go:128.4,129.1 1 1
gopkg.aoctech.app/billing/api/internal/domain/finance/expression_json.go:130.3,130.60 1 2
gopkg.aoctech.app/billing/api/internal/domain/finance/expression_json.go:131.4,132.1 1 1
gopkg.aoctech.app/billing/api/internal/domain/finance/expression_json.go:133.3,133.49 1 1
gopkg.aoctech.app/billing/api/internal/domain/finance/expression_json.go:135.3,135.47 1 2
gopkg.aoctech.app/billing/api/internal/domain/finance/expression_json.go:136.4,137.1 1 0
gopkg.aoctech.app/billing/api/internal/domain/finance/expression_json.go:138.3,138.30 1 2
gopkg.aoctech.app/billing/api/internal/domain/finance/expression_json.go:139.4,139.45 1 2
gopkg.aoctech.app/billing/api/internal/domain/finance/expression_json.go:140.5,141.1 1 0
gopkg.aoctech.app/billing/api/internal/domain/finance/expression_json.go:143.3,143.45 1 2
gopkg.aoctech.app/billing/api/internal/domain/finance/expression_json.go:145.3,145.30 1 4
gopkg.aoctech.app/billing/api/internal/domain/finance/expression_json.go:146.4,147.1 1 0
gopkg.aoctech.app/billing/api/internal/domain/finance/expression_json.go:148.3,148.35 1 4
gopkg.aoctech.app/billing/api/internal/domain/finance/expression_json.go:150.3,150.49 1 10
gopkg.aoctech.app/billing/api/internal/domain/finance/expression_json.go:151.4,152.1 1 1
gopkg.aoctech.app/billing/api/internal/domain/finance/expression_json.go:153.3,154.17 2 9
gopkg.aoctech.app/billing/api/internal/domain/finance/expression_json.go:155.4,156.1 1 5
gopkg.aoctech.app/billing/api/internal/domain/finance/expression_json.go:157.3,158.17 2 4
gopkg.aoctech.app/billing/api/internal/domain/finance/expression_json.go:159.4,160.1 1 0
gopkg.aoctech.app/billing/api/internal/domain/finance/expression_json.go:161.3,161.24 1 4
gopkg.aoctech.app/billing/api/internal/domain/finance/expression_json.go:162.4,163.1 1 1
gopkg.aoctech.app/billing/api/internal/domain/finance/expression_json.go:164.3,164.53 1 3
gopkg.aoctech.app/billing/api/internal/domain/finance/expression_json.go:166.3,166.78 1 1
gopkg.aoctech.app/billing/api/internal/domain/finance/expression_json.go:173.2,173.23 1 31
gopkg.aoctech.app/billing/api/internal/domain/finance/expression_json.go:175.3,175.15 1 4
gopkg.aoctech.app/billing/api/internal/domain/finance/expression_json.go:177.3,177.32 1 1
gopkg.aoctech.app/billing/api/internal/domain/finance/expression_json.go:179.3,179.14 1 26
gopkg.aoctech.app/billing/api/internal/domain/finance/expression_json.go:186.2,187.16 2 3
gopkg.aoctech.app/billing/api/internal/domain/finance/expression_json.go:188.3,189.1 1 0
gopkg.aoctech.app/billing/api/internal/domain/finance/expression_json.go:190.2,190.21 1 3
gopkg.aoctech.app/billing/api/internal/domain/finance/expression_json.go:191.3,192.1 1 2
gopkg.aoctech.app/billing/api/internal/domain/finance/expression_json.go:193.2,193.15 1 1
gopkg.aoctech.app/billing/api/internal/domain/finance/installments.go:31.2,31.34 1 392
gopkg.aoctech.app/billing/api/internal/domain/finance/installments.go:32.3,33.1 1 2
gopkg.aoctech.app/billing/api/internal/domain/finance/installments.go:34.2,34.30 1 390
gopkg.aoctech.app/billing/api/internal/domain/finance/installments.go:35.3,36.1 1 2
gopkg.aoctech.app/billing/api/internal/domain/finance/installments.go:37.2,39.23 3 388
gopkg.aoctech.app/billing/api/internal/domain/finance/installments.go:40.3,41.1 1 9429
gopkg.aoctech.app/billing/api/internal/domain/finance/installments.go:42.2,43.19 2 388
gopkg.aoctech.app/billing/api/internal/domain/finance/installments.go:52.2,53.73 2 8
gopkg.aoctech.app/billing/api/internal/domain/finance/installments.go:54.3,55.1 1 5
gopkg.aoctech.app/billing/api/internal/domain/finance/installments.go:56.2,56.17 1 3
gopkg.aoctech.app/billing/api/internal/domain/finance/installments.go:62.2,62.39 1 4
gopkg.aoctech.app/billing/api/internal/domain/finance/installments.go:63.3,64.1 1 1
gopkg.aoctech.app/billing/api/internal/domain/finance/installments.go:65.2,66.16 2 3
gopkg.aoctech.app/billing/api/internal/domain/finance/installments.go:67.3,68.1 1 0
gopkg.aoctech.app/billing/api/internal/domain/finance/installments.go:69.2,71.31 3 3
gopkg.aoctech.app/billing/api/internal/domain/finance/installments.go:72.3,73.1 1 18
gopkg.aoctech.app/billing/api/internal/domain/finance/installments.go:74.2,74.17 1 3
gopkg.aoctech.app/billing/api/internal/domain/finance/installments.go:81.2,82.28 2 1
gopkg.aoctech.app/billing/api/internal/domain/finance/installments.go:83.3,83.39 1 3
gopkg.aoctech.app/billing/api/internal/domain/finance/installments.go:84.4,85.1 1 1
gopkg.aoctech.app/billing/api/internal/domain/finance/installments.go:86.3,86.16 1 3
gopkg.aoctech.app/billing/api/internal/domain/finance/installments.go:88.2,88.12 1 1
gopkg.aoctech.app/billing/api/internal/domain/finance/installments.go:97.2,97.28 1 1
gopkg.aoctech.app/billing/api/internal/domain/finance/installments.go:98.3,98.39 1 3
gopkg.aoctech.app/billing/api/internal/domain/finance/installments.go:99.4,100.1 1 1
gopkg.aoctech.app/billing/api/internal/domain/finance/installments.go:101.4,102.1 1 2
gopkg.aoctech.app/billing/api/internal/domain/finance/installments.go:104.2,104.24 1 1
gopkg.aoctech.app/billing/api/internal/domain/finance/ledger.go:41.2,41.11 1 8
gopkg.aoctech.app/billing/api/internal/domain/finance/ledger.go:43.3,43.26 1 2
gopkg.aoctech.app/billing/api/internal/domain/finance/ledger.go:45.3,45.27 1 2
gopkg.aoctech.app/billing/api/internal/domain/finance/ledger.go:47.3,47.47 1 3
gopkg.aoctech.app/billing/api/internal/domain/finance/ledger.go:49.2,49.14 1 1
gopkg.aoctech.app/billing/api/internal/domain/finance/ledger.go:102.2,102.19 1 33
gopkg.aoctech.app/billing/api/internal/domain/finance/ledger.go:103.3,104.1 1 1
gopkg.aoctech.app/billing/api/internal/domain/finance/ledger.go:105.2,105.42 1 32
gopkg.aoctech.app/billing/api/internal/domain/finance/ledger.go:106.3,107.1 1 3
gopkg.aoctech.app/billing/api/internal/domain/finance/ledger.go:108.2,109.25 2 29
gopkg.aoctech.app/billing/api/internal/domain/finance/ledger.go:110.3,110.24 1 59
gopkg.aoctech.app/billing/api/internal/domain/finance/ledger.go:111.4,112.1 1 1
gopkg.aoctech.app/billing/api/internal/domain/finance/ledger.go:113.3,113.20 1 58
gopkg.aoctech.app/billing/api/internal/domain/finance/ledger.go:114.4,115.1 1 1
gopkg.aoctech.app/billing/api/internal/domain/finance/ledger.go:116.3,116.58 1 57
gopkg.aoctech.app/billing/api/internal/domain/finance/ledger.go:117.4,118.1 1 3
gopkg.aoctech.app/billing/api/internal/domain/finance/ledger.go:119.3,119.18 1 54
gopkg.aoctech.app/billing/api/internal/domain/finance/ledger.go:121.2,121.14 1 24
gopkg.aoctech.app/billing/api/internal/domain/finance/ledger.go:122.3,123.1 1 1
gopkg.aoctech.app/billing/api/internal/domain/finance/ledger.go:124.2,124.84 1 23
gopkg.aoctech.app/billing/api/internal/domain/finance/ledger.go:132.2,132.22 1 4
gopkg.aoctech.app/billing/api/internal/domain/finance/ledger.go:133.3,134.1 1 1
gopkg.aoctech.app/billing/api/internal/domain/finance/ledger.go:135.2,135.35 1 3
gopkg.aoctech.app/billing/api/internal/domain/finance/ledger.go:136.3,137.1 1 1
gopkg.aoctech.app/billing/api/internal/domain/finance/ledger.go:138.2,139.34 2 2
gopkg.aoctech.app/billing/api/internal/domain/finance/ledger.go:140.3,141.1 1 4
gopkg.aoctech.app/billing/api/internal/domain/finance/ledger.go:142.2,143.16 2 2
gopkg.aoctech.app/billing/api/internal/domain/finance/ledger.go:144.3,145.1 1 0
gopkg.aoctech.app/billing/api/internal/domain/finance/ledger.go:146.2,147.16 2 2
gopkg.aoctech.app/billing/api/internal/domain/finance/month.go:26.36,26.80 1 479696
gopkg.aoctech.app/billing/api/internal/domain/finance/month.go:29.35,29.75 1 49
gopkg.aoctech.app/billing/api/internal/domain/finance/month.go:32.37,32.75 1 14907
gopkg.aoctech.app/billing/api/internal/domain/finance/month.go:36.2,37.1 1 7
gopkg.aoctech.app/billing/api/internal/domain/finance/month.go:40.39,40.76 1 22
gopkg.aoctech.app/billing/api/internal/domain/finance/month.go:43.34,43.89 1 1
gopkg.aoctech.app/billing/api/internal/domain/finance/posting.go:43.2,43.9 1 19
gopkg.aoctech.app/billing/api/internal/domain/finance/posting.go:45.3,45.84 1 1
gopkg.aoctech.app/billing/api/internal/domain/finance/posting.go:47.3,47.81 1 1
gopkg.aoctech.app/billing/api/internal/domain/finance/posting.go:49.3,49.89 1 2
gopkg.aoctech.app/billing/api/internal/domain/finance/posting.go:51.2,51.12 1 15
gopkg.aoctech.app/billing/api/internal/domain/finance/posting.go:58.2,58.37 1 11
gopkg.aoctech.app/billing/api/internal/domain/finance/posting.go:59.3,60.1 1 4
gopkg.aoctech.app/billing/api/internal/domain/finance/posting.go:61.2,61.28 1 7
gopkg.aoctech.app/billing/api/internal/domain/finance/posting.go:62.3,64.1 1 4
gopkg.aoctech.app/billing/api/internal/domain/finance/posting.go:65.2,66.64 1 3
gopkg.aoctech.app/billing/api/internal/domain/finance/posting.go:75.2,75.37 1 8
gopkg.aoctech.app/billing/api/internal/domain/finance/posting.go:76.3,77.1 1 0
gopkg.aoctech.app/billing/api/internal/domain/finance/posting.go:78.2,78.15 1 8
gopkg.aoctech.app/billing/api/internal/domain/finance/posting.go:79.3,80.1 1 1
gopkg.aoctech.app/billing/api/internal/domain/finance/posting.go:81.2,82.45 2 7
gopkg.aoctech.app/billing/api/internal/domain/finance/posting.go:83.3,85.1 1 1
gopkg.aoctech.app/billing/api/internal/domain/finance/posting.go:86.2,87.28 2 6
gopkg.aoctech.app/billing/api/internal/domain/finance/posting.go:90.3,91.16 2 3
gopkg.aoctech.app/billing/api/internal/domain/finance/posting.go:92.4,93.1 1 2
gopkg.aoctech.app/billing/api/internal/domain/finance/posting.go:97.3,98.16 2 3
gopkg.aoctech.app/billing/api/internal/domain/finance/posting.go:99.4,100.1 1 2
gopkg.aoctech.app/billing/api/internal/domain/finance/posting.go:102.2,102.54 1 6
gopkg.aoctech.app/billing/api/internal/domain/finance/posting.go:108.2,108.17 1 2
gopkg.aoctech.app/billing/api/internal/domain/finance/posting.go:109.3,110.1 1 0
gopkg.aoctech.app/billing/api/internal/domain/finance/posting.go:111.2,111.34 1 2
gopkg.aoctech.app/billing/api/internal/domain/finance/posting.go:112.3,113.1 1 1
gopkg.aoctech.app/billing/api/internal/domain/finance/posting.go:114.2,114.98 1 1
gopkg.aoctech.app/billing/api/internal/domain/finance/posting.go:122.2,122.16 1 1
gopkg.aoctech.app/billing/api/internal/domain/finance/posting.go:123.3,124.1 1 0
gopkg.aoctech.app/billing/api/internal/domain/finance/posting.go:125.2,125.99 1 1
gopkg.aoctech.app/billing/api/internal/domain/finance/posting.go:130.2,130.17 1 1
gopkg.aoctech.app/billing/api/internal/domain/finance/posting.go:131.3,132.1 1 0
gopkg.aoctech.app/billing/api/internal/domain/finance/posting.go:133.2,133.110 1 1
gopkg.aoctech.app/billing/api/internal/domain/finance/posting.go:140.2,140.17 1 4
gopkg.aoctech.app/billing/api/internal/domain/finance/posting.go:141.3,142.1 1 1
gopkg.aoctech.app/billing/api/internal/domain/finance/posting.go:143.2,143.107 1 3
gopkg.aoctech.app/billing/api/internal/domain/finance/recurrence.go:43.2,43.9 1 24
gopkg.aoctech.app/billing/api/internal/domain/finance/recurrence.go:45.3,45.81 1 1
gopkg.aoctech.app/billing/api/internal/domain/finance/recurrence.go:47.3,47.88 1 1
gopkg.aoctech.app/billing/api/internal/domain/finance/recurrence.go:49.3,49.97 1 4
gopkg.aoctech.app/billing/api/internal/domain/finance/recurrence.go:51.3,51.76 1 1
gopkg.aoctech.app/billing/api/internal/domain/finance/recurrence.go:53.3,53.78 1 1
gopkg.aoctech.app/billing/api/internal/domain/finance/recurrence.go:55.3,55.90 1 1
gopkg.aoctech.app/billing/api/internal/domain/finance/recurrence.go:57.2,57.12 1 15
gopkg.aoctech.app/billing/api/internal/domain/finance/recurrence.go:66.2,66.37 1 14
gopkg.aoctech.app/billing/api/internal/domain/finance/recurrence.go:67.3,68.1 1 0
gopkg.aoctech.app/billing/api/internal/domain/finance/recurrence.go:69.2,69.26 1 14
gopkg.aoctech.app/billing/api/internal/domain/finance/recurrence.go:70.3,71.1 1 1
gopkg.aoctech.app/billing/api/internal/domain/finance/recurrence.go:72.2,72.52 1 14
gopkg.aoctech.app/billing/api/internal/domain/finance/recurrence.go:73.3,74.1 1 1
gopkg.aoctech.app/billing/api/internal/domain/finance/recurrence.go:75.2,75.22 1 14
gopkg.aoctech.app/billing/api/internal/domain/finance/recurrence.go:76.3,77.1 1 0
gopkg.aoctech.app/billing/api/internal/domain/finance/recurrence.go:78.2,79.16 2 14
gopkg.aoctech.app/billing/api/internal/domain/finance/recurrence.go:80.3,81.1 1 0
gopkg.aoctech.app/billing/api/internal/domain/finance/recurrence.go:82.2,83.27 2 14
gopkg.aoctech.app/billing/api/internal/domain/finance/recurrence.go:84.3,85.36 2 18
gopkg.aoctech.app/billing/api/internal/domain/finance/recurrence.go:86.4,87.1 1 15
gopkg.aoctech.app/billing/api/internal/domain/finance/recurrence.go:88.3,88.46 1 18
gopkg.aoctech.app/billing/api/internal/domain/finance/recurrence.go:90.2,90.17 1 14
gopkg.aoctech.app/billing/api/internal/domain/finance/recurrence.go:96.2,97.16 2 22
gopkg.aoctech.app/billing/api/internal/domain/finance/recurrence.go:98.3,99.1 1 0
gopkg.aoctech.app/billing/api/internal/domain/finance/recurrence.go:100.2,101.19 2 22
gopkg.aoctech.app/billing/api/internal/domain/finance/schedule.go:32.2,32.40 1 37
gopkg.aoctech.app/billing/api/internal/domain/finance/schedule.go:33.3,34.1 1 1
gopkg.aoctech.app/billing/api/internal/domain/finance/schedule.go:35.2,36.48 2 36
gopkg.aoctech.app/billing/api/internal/domain/finance/schedule.go:37.3,37.20 1 16608
gopkg.aoctech.app/billing/api/internal/domain/finance/schedule.go:38.4,39.1 1 523
gopkg.aoctech.app/billing/api/internal/domain/finance/schedule.go:41.2,41.17 1 36
gopkg.aoctech.app/billing/api/internal/domain/finance/schedule.go:48.2,49.24 2 2
gopkg.aoctech.app/billing/api/internal/domain/finance/schedule.go:50.3,50.20 1 1861
gopkg.aoctech.app/billing/api/internal/domain/finance/schedule.go:51.4,52.1 1 1
gopkg.aoctech.app/billing/api/internal/domain/finance/schedule.go:53.3,53.19 1 1860
gopkg.aoctech.app/billing/api/internal/domain/finance/schedule.go:55.2,55.28 1 1
gopkg.aoctech.app/billing/api/internal/domain/finance/schedule.go:65.37,65.60 1 22
gopkg.aoctech.app/billing/api/internal/domain/finance/schedule.go:68.2,69.1 1 2830
gopkg.aoctech.app/billing/api/internal/domain/finance/schedule.go:78.33,78.50 1 1
gopkg.aoctech.app/billing/api/internal/domain/finance/schedule.go:81.2,82.1 1 731
gopkg.aoctech.app/billing/api/internal/domain/finance/schedule.go:90.32,90.48 1 4
gopkg.aoctech.app/billing/api/internal/domain/finance/schedule.go:93.2,93.27 1 3
gopkg.aoctech.app/billing/api/internal/domain/finance/schedule.go:94.3,94.13 1 3
gopkg.aoctech.app/billing/api/internal/domain/finance/schedule.go:95.4,96.1 1 1
gopkg.aoctech.app/billing/api/internal/domain/finance/schedule.go:98.2,98.14 1 2
gopkg.aoctech.app/billing/api/internal/domain/finance/schedule.go:108.37,108.58 1 4
gopkg.aoctech.app/billing/api/internal/domain/finance/schedule.go:111.2,112.1 1 2044
gopkg.aoctech.app/billing/api/internal/domain/finance/schedule.go:121.39,121.64 1 2
gopkg.aoctech.app/billing/api/internal/domain/finance/schedule.go:124.2,124.29 1 4
gopkg.aoctech.app/billing/api/internal/domain/finance/schedule.go:125.3,125.19 1 4
gopkg.aoctech.app/billing/api/internal/domain/finance/schedule.go:126.4,127.1 1 1
gopkg.aoctech.app/billing/api/internal/domain/finance/schedule.go:129.2,129.14 1 3
gopkg.aoctech.app/billing/api/internal/domain/finance/schedule_month.go:20.41,20.68 1 5
gopkg.aoctech.app/billing/api/internal/domain/finance/schedule_month.go:23.2,25.1 2 14784
gopkg.aoctech.app/billing/api/internal/domain/finance/schedule_month.go:30.2,31.64 2 14784
gopkg.aoctech.app/billing/api/internal/domain/finance/schedule_month.go:32.3,32.31 1 450070
gopkg.aoctech.app/billing/api/internal/domain/finance/schedule_month.go:33.4,34.1 1 307923
gopkg.aoctech.app/billing/api/internal/domain/finance/schedule_month.go:36.2,36.20 1 14784
gopkg.aoctech.app/billing/api/internal/domain/finance/schedule_month.go:37.3,38.1 1 0
gopkg.aoctech.app/billing/api/internal/domain/finance/schedule_month.go:39.2,39.34 1 14784
gopkg.aoctech.app/billing/api/internal/domain/finance/schedule_month.go:40.3,41.1 1 3848
gopkg.aoctech.app/billing/api/internal/domain/finance/schedule_month.go:42.2,42.26 1 10936
gopkg.aoctech.app/billing/api/internal/domain/finance/schedule_month.go:53.44,53.75 1 1
gopkg.aoctech.app/billing/api/internal/domain/finance/schedule_month.go:56.2,56.30 1 122
gopkg.aoctech.app/billing/api/internal/domain/finance/schedule_month.go:57.3,58.1 1 105
gopkg.aoctech.app/billing/api/internal/domain/finance/schedule_month.go:59.2,59.15 1 17
gopkg.aoctech.app/billing/api/internal/domain/finance/schedule_month.go:60.3,61.1 1 8
gopkg.aoctech.app/billing/api/internal/domain/finance/schedule_month.go:62.2,62.29 1 9
gopkg.aoctech.app/billing/api/internal/domain/finance/schedule_month.go:74.33,74.50 1 2
gopkg.aoctech.app/billing/api/internal/domain/finance/schedule_month.go:77.2,77.52 1 62
gopkg.aoctech.app/billing/api/internal/domain/finance/schedule_month.go:78.3,79.1 1 57
gopkg.aoctech.app/billing/api/internal/domain/finance/schedule_month.go:80.2,80.49 1 5
